,SSID,BSSID,MANUFACTURER,SIGNAL,High Signal,RSSI,High RSSI,AUTHENTICATION,ENCRYPTION,RADIO TYPE,CHANNEL,BTX,OTX,NETWORK TYPE,LABEL,LATITUDE,LONGITUDE,SATELLITES,HDOP,ALTITUDE,HEIGHT OF GEOID,SPEED(km/h),SPEED(MPH),TRACK ANGLE,DATE(UTC),TIME(UTC)
0,airuc-secure,84:D4:7E:E6:76:C1,"Aruba, a Hewlett Packard Enterprise Company",72,72,-68,-68,WPA2-Enterprise,CCMP,802.11n,1,"2,5.5,11,18,24,36,48,54","6,9,12",Infrastructure,Unknown,0.0,0.0,0,0,0,0,0,0,0,2024-02-16,20:00:54.426
1,airuc-secure,84:D4:7E:E6:76:C1,"Aruba, a Hewlett Packard Enterprise Company",72,72,-68,-68,WPA2-Enterprise,CCMP,802.11n,1,"2,5.5,11,18,24,36,48,54","6,9,12",Infrastructure,Unknown,0.0,0.0,0,0,0,0,0,0,0,2024-02-16,20:01:41.651
2,airuc-secure,84:D4:7E:E6:26:B1,"Aruba, a Hewlett Packard Enterprise Company",62,62,-72,-72,WPA2-Enterprise,CCMP,802.11ac,40,"6,9,12,18,24,36,48,54",,Infrastructure,Unknown,0.0,0.0,0,0,0,0,0,0,0,2024-02-16,20:00:54.426
3,airuc-secure,84:D4:7E:E6:26:B1,"Aruba, a Hewlett Packard Enterprise Company",62,62,-72,-72,WPA2-Enterprise,CCMP,802.11ac,40,"6,9,12,18,24,36,48,54",,Infrastructure,Unknown,0.0,0.0,0,0,0,0,0,0,0,2024-02-16,20:01:41.651
4,airuc-secure,04:BD:88:27:51:91,"Aruba, a Hewlett Packard Enterprise Company",43,43,-78,-78,WPA2-Enterprise,CCMP,802.11ac,64,"6,9,12,18,24,36,48,54",,Infrastructure,Unknown,0.0,0.0,0,0,0,0,0,0,0,2024-02-16,20:00:54.426
5,airuc-secure,04:BD:88:27:51:91,"Aruba, a Hewlett Packard Enterprise Company",43,43,-78,-78,WPA2-Enterprise,CCMP,802.11ac,64,"6,9,12,18,24,36,48,54",,Infrastructure,Unknown,0.0,0.0,0,0,0,0,0,0,0,2024-02-16,20:01:41.651
6,airuc-secure,84:D4:7E:E6:77:31,"Aruba, a Hewlett Packard Enterprise Company",40,40,-79,-79,WPA2-Enterprise,CCMP,802.11ac,104,"6,9,12,18,24,36,48,54",,Infrastructure,Unknown,0.0,0.0,0,0,0,0,0,0,0,2024-02-16,20:00:54.426
7,airuc-secure,84:D4:7E:EF:35:61,"Aruba, a Hewlett Packard Enterprise Company",65,65,-71,-71,WPA2-Enterprise,CCMP,802.11n,6,"2,5.5,11,18,24,36,48,54","6,9,12",Infrastructure,Unknown,0.0,0.0,0,0,0,0,0,0,0,2024-02-16,20:00:54.426
8,airuc-secure,84:D4:7E:EF:47:71,"Aruba, a Hewlett Packard Enterprise Company",40,40,-79,-79,WPA2-Enterprise,CCMP,802.11ac,56,"6,9,12,18,24,36,48,54",,Infrastructure,Unknown,0.0,0.0,0,0,0,0,0,0,0,2024-02-16,20:00:54.426
9,airuc-secure,84:D4:7E:EF:4E:B1,"Aruba, a Hewlett Packard Enterprise Company",40,40,-79,-79,WPA2-Enterprise,CCMP,802.11ac,100,"6,9,12,18,24,36,48,54",,Infrastructure,Unknown,0.0,0.0,0,0,0,0,0,0,0,2024-02-16,20:00:54.426
10,airuc-secure,84:D4:7E:EF:4E:B1,"Aruba, a Hewlett Packard Enterprise Company",40,40,-79,-79,WPA2-Enterprise,CCMP,802.11ac,100,"6,9,12,18,24,36,48,54",,Infrastructure,Unknown,0.0,0.0,0,0,0,0,0,0,0,2024-02-16,20:01:41.651
11,airuc-secure,84:D4:7E:E6:76:D1,"Aruba, a Hewlett Packard Enterprise Company",70,70,-69,-69,WPA2-Enterprise,CCMP,802.11ac,132,"6,9,12,18,24,36,48,54",,Infrastructure,Unknown,0.0,0.0,0,0,0,0,0,0,0,2024-02-16,20:00:54.426
12,airuc-secure,84:D4:7E:E6:76:D1,"Aruba, a Hewlett Packard Enterprise Company",70,70,-69,-69,WPA2-Enterprise,CCMP,802.11ac,132,"6,9,12,18,24,36,48,54",,Infrastructure,Unknown,0.0,0.0,0,0,0,0,0,0,0,2024-02-16,20:01:41.651
13,airuc-secure,84:D4:7E:EF:35:51,"Aruba, a Hewlett Packard Enterprise Company",82,82,-60,-60,WPA2-Enterprise,CCMP,802.11ac,144,"6,9,12,18,24,36,48,54",,Infrastructure,Unknown,0.0,0.0,0,0,0,0,0,0,0,2024-02-16,20:00:54.426
14,airuc-secure,84:D4:7E:EF:35:51,"Aruba, a Hewlett Packard Enterprise Company",82,82,-60,-60,WPA2-Enterprise,CCMP,802.11ac,144,"6,9,12,18,24,36,48,54",,Infrastructure,Unknown,0.0,0.0,0,0,0,0,0,0,0,2024-02-16,20:01:41.651
15,airuc-secure,04:BD:88:26:1D:21,"Aruba, a Hewlett Packard Enterprise Company",33,33,-82,-82,WPA2-Enterprise,CCMP,802.11n,6,"2,5.5,11,18,24,36,48,54","6,9,12",Infrastructure,Unknown,0.0,0.0,0,0,0,0,0,0,0,2024-02-16,20:00:54.426
16,airuc-secure,04:BD:88:26:1D:21,"Aruba, a Hewlett Packard Enterprise Company",33,33,-82,-82,WPA2-Enterprise,CCMP,802.11n,6,"2,5.5,11,18,24,36,48,54","6,9,12",Infrastructure,Unknown,0.0,0.0,0,0,0,0,0,0,0,2024-02-16,20:01:41.651
17,airuc-secure,94:B4:0F:17:D0:51,"Aruba, a Hewlett Packard Enterprise Company",40,40,-79,-79,WPA2-Enterprise,CCMP,802.11ac,48,"6,9,12,18,24,36,48,54",,Infrastructure,Unknown,0.0,0.0,0,0,0,0,0,0,0,2024-02-16,20:00:54.426
18,airuc-secure,84:D4:7E:F3:29:F1,"Aruba, a Hewlett Packard Enterprise Company",40,40,-79,-79,WPA2-Enterprise,CCMP,802.11ac,60,"6,9,12,18,24,36,48,54",,Infrastructure,Unknown,0.0,0.0,0,0,0,0,0,0,0,2024-02-16,20:00:54.426
19,airuc-secure,84:D4:7E:E6:74:01,"Aruba, a Hewlett Packard Enterprise Company",72,72,-68,-68,WPA2-Enterprise,CCMP,802.11n,1,"2,5.5,11,18,24,36,48,54","6,9,12",Infrastructure,Unknown,0.0,0.0,0,0,0,0,0,0,0,2024-02-16,20:00:54.426
20,airuc-secure,84:D4:7E:E6:74:01,"Aruba, a Hewlett Packard Enterprise Company",72,72,-68,-68,WPA2-Enterprise,CCMP,802.11n,1,"2,5.5,11,18,24,36,48,54","6,9,12",Infrastructure,Unknown,0.0,0.0,0,0,0,0,0,0,0,2024-02-16,20:01:41.651
21,airuc-secure,84:D4:7E:F2:FD:D1,"Aruba, a Hewlett Packard Enterprise Company",84,84,-57,-57,WPA2-Enterprise,CCMP,802.11ac,108,"6,9,12,18,24,36,48,54",,Infrastructure,Unknown,0.0,0.0,0,0,0,0,0,0,0,2024-02-16,20:00:54.426
22,airuc-secure,84:D4:7E:F2:FD:D1,"Aruba, a Hewlett Packard Enterprise Company",84,84,-57,-57,WPA2-Enterprise,CCMP,802.11ac,108,"6,9,12,18,24,36,48,54",,Infrastructure,Unknown,0.0,0.0,0,0,0,0,0,0,0,2024-02-16,20:01:41.651
23,airuc-secure,84:D4:7E:E6:77:51,"Aruba, a Hewlett Packard Enterprise Company",40,40,-79,-79,WPA2-Enterprise,CCMP,802.11ac,144,"6,9,12,18,24,36,48,54",,Infrastructure,Unknown,0.0,0.0,0,0,0,0,0,0,0,2024-02-16,20:00:54.426
24,airuc-secure,84:D4:7E:E6:77:51,"Aruba, a Hewlett Packard Enterprise Company",40,40,-79,-79,WPA2-Enterprise,CCMP,802.11ac,144,"6,9,12,18,24,36,48,54",,Infrastructure,Unknown,0.0,0.0,0,0,0,0,0,0,0,2024-02-16,20:01:41.651
25,airuc-secure,84:D4:7E:E6:24:11,"Aruba, a Hewlett Packard Enterprise Company",70,70,-69,-69,WPA2-Enterprise,CCMP,802.11ac,52,"6,9,12,18,24,36,48,54",,Infrastructure,Unknown,0.0,0.0,0,0,0,0,0,0,0,2024-02-16,20:00:54.426
26,airuc-secure,84:D4:7E:E6:24:11,"Aruba, a Hewlett Packard Enterprise Company",70,70,-69,-69,WPA2-Enterprise,CCMP,802.11ac,52,"6,9,12,18,24,36,48,54",,Infrastructure,Unknown,0.0,0.0,0,0,0,0,0,0,0,2024-02-16,20:01:41.651
27,airuc-secure,84:D4:7E:EF:4F:11,"Aruba, a Hewlett Packard Enterprise Company",40,40,-79,-79,WPA2-Enterprise,CCMP,802.11ac,149,"6,9,12,18,24,36,48,54",,Infrastructure,Unknown,0.0,0.0,0,0,0,0,0,0,0,2024-02-16,20:00:54.426
28,airuc-secure,84:D4:7E:EF:4F:11,"Aruba, a Hewlett Packard Enterprise Company",40,40,-79,-79,WPA2-Enterprise,CCMP,802.11ac,149,"6,9,12,18,24,36,48,54",,Infrastructure,Unknown,0.0,0.0,0,0,0,0,0,0,0,2024-02-16,20:01:41.651
29,airuc-secure,84:D4:7E:E6:74:11,"Aruba, a Hewlett Packard Enterprise Company",65,65,-71,-71,WPA2-Enterprise,CCMP,802.11ac,44,"6,9,12,18,24,36,48,54",,Infrastructure,Unknown,0.0,0.0,0,0,0,0,0,0,0,2024-02-16,20:00:54.426
30,airuc-secure,84:D4:7E:E6:74:11,"Aruba, a Hewlett Packard Enterprise Company",65,65,-71,-71,WPA2-Enterprise,CCMP,802.11ac,44,"6,9,12,18,24,36,48,54",,Infrastructure,Unknown,0.0,0.0,0,0,0,0,0,0,0,2024-02-16,20:01:41.651
31,airuc-secure,04:BD:88:27:4F:31,"Aruba, a Hewlett Packard Enterprise Company",40,40,-79,-79,WPA2-Enterprise,CCMP,802.11ac,40,"6,9,12,18,24,36,48,54",,Infrastructure,Unknown,0.0,0.0,0,0,0,0,0,0,0,2024-02-16,20:00:54.426
32,airuc-secure,84:D4:7E:F2:F1:C1,"Aruba, a Hewlett Packard Enterprise Company",82,82,-61,-61,WPA2-Enterprise,CCMP,802.11n,1,"2,5.5,11,18,24,36,48,54","6,9,12",Infrastructure,Unknown,0.0,0.0,0,0,0,0,0,0,0,2024-02-16,20:00:54.426
33,airuc-secure,84:D4:7E:F2:F1:C1,"Aruba, a Hewlett Packard Enterprise Company",82,82,-61,-61,WPA2-Enterprise,CCMP,802.11n,1,"2,5.5,11,18,24,36,48,54","6,9,12",Infrastructure,Unknown,0.0,0.0,0,0,0,0,0,0,0,2024-02-16,20:01:41.651
34,airuc-secure,84:D4:7E:F2:FD:C1,"Aruba, a Hewlett Packard Enterprise Company",87,87,-52,-52,WPA2-Enterprise,CCMP,802.11n,6,"2,5.5,11,18,24,36,48,54","6,9,12",Infrastructure,Unknown,0.0,0.0,0,0,0,0,0,0,0,2024-02-16,20:00:54.426
35,airuc-secure,84:D4:7E:F2:FD:C1,"Aruba, a Hewlett Packard Enterprise Company",87,87,-52,-52,WPA2-Enterprise,CCMP,802.11n,6,"2,5.5,11,18,24,36,48,54","6,9,12",Infrastructure,Unknown,0.0,0.0,0,0,0,0,0,0,0,2024-02-16,20:01:41.651
36,airuc-secure,84:D4:7E:EE:A2:31,"Aruba, a Hewlett Packard Enterprise Company",40,40,-79,-79,WPA2-Enterprise,CCMP,802.11ac,157,"6,9,12,18,24,36,48,54",,Infrastructure,Unknown,0.0,0.0,0,0,0,0,0,0,0,2024-02-16,20:00:54.426
37,airuc-secure,84:D4:7E:EE:A2:31,"Aruba, a Hewlett Packard Enterprise Company",40,40,-79,-79,WPA2-Enterprise,CCMP,802.11ac,157,"6,9,12,18,24,36,48,54",,Infrastructure,Unknown,0.0,0.0,0,0,0,0,0,0,0,2024-02-16,20:01:41.651
38,airuc-secure,84:D4:7E:F3:0A:F1,"Aruba, a Hewlett Packard Enterprise Company",40,40,-79,-79,WPA2-Enterprise,CCMP,802.11ac,64,"6,9,12,18,24,36,48,54",,Infrastructure,Unknown,0.0,0.0,0,0,0,0,0,0,0,2024-02-16,20:00:54.426
39,airuc-secure,84:D4:7E:F3:0A:F1,"Aruba, a Hewlett Packard Enterprise Company",40,40,-79,-79,WPA2-Enterprise,CCMP,802.11ac,64,"6,9,12,18,24,36,48,54",,Infrastructure,Unknown,0.0,0.0,0,0,0,0,0,0,0,2024-02-16,20:01:41.651
40,airuc-secure,84:D4:7E:F2:FD:51,"Aruba, a Hewlett Packard Enterprise Company",40,40,-79,-79,WPA2-Enterprise,CCMP,802.11ac,100,"6,9,12,18,24,36,48,54",,Infrastructure,Unknown,0.0,0.0,0,0,0,0,0,0,0,2024-02-16,20:00:54.426
41,airuc-secure,84:D4:7E:F2:FD:51,"Aruba, a Hewlett Packard Enterprise Company",40,40,-79,-79,WPA2-Enterprise,CCMP,802.11ac,100,"6,9,12,18,24,36,48,54",,Infrastructure,Unknown,0.0,0.0,0,0,0,0,0,0,0,2024-02-16,20:01:41.651
42,airuc-secure,84:D4:7E:E6:E8:51,"Aruba, a Hewlett Packard Enterprise Company",62,62,-72,-72,WPA2-Enterprise,CCMP,802.11ac,112,"6,9,12,18,24,36,48,54",,Infrastructure,Unknown,0.0,0.0,0,0,0,0,0,0,0,2024-02-16,20:00:54.426
43,airuc-secure,84:D4:7E:E6:E8:51,"Aruba, a Hewlett Packard Enterprise Company",62,62,-72,-72,WPA2-Enterprise,CCMP,802.11ac,112,"6,9,12,18,24,36,48,54",,Infrastructure,Unknown,0.0,0.0,0,0,0,0,0,0,0,2024-02-16,20:01:41.651
44,airuc-secure,84:D4:7E:F2:FC:71,"Aruba, a Hewlett Packard Enterprise Company",57,57,-74,-74,WPA2-Enterprise,CCMP,802.11ac,44,"6,9,12,18,24,36,48,54",,Infrastructure,Unknown,0.0,0.0,0,0,0,0,0,0,0,2024-02-16,20:00:54.426
45,airuc-secure,84:D4:7E:F2:FC:71,"Aruba, a Hewlett Packard Enterprise Company",57,57,-74,-74,WPA2-Enterprise,CCMP,802.11ac,44,"6,9,12,18,24,36,48,54",,Infrastructure,Unknown,0.0,0.0,0,0,0,0,0,0,0,2024-02-16,20:01:41.651
46,airuc-secure,84:D4:7E:F2:FE:B1,"Aruba, a Hewlett Packard Enterprise Company",40,40,-79,-79,WPA2-Enterprise,CCMP,802.11ac,52,"6,9,12,18,24,36,48,54",,Infrastructure,Unknown,0.0,0.0,0,0,0,0,0,0,0,2024-02-16,20:00:54.426
47,airuc-secure,04:BD:88:27:5E:F1,"Aruba, a Hewlett Packard Enterprise Company",40,40,-79,-79,WPA2-Enterprise,CCMP,802.11ac,100,"6,9,12,18,24,36,48,54",,Infrastructure,Unknown,0.0,0.0,0,0,0,0,0,0,0,2024-02-16,20:00:54.426
48,airuc-secure,04:BD:88:27:5E:F1,"Aruba, a Hewlett Packard Enterprise Company",40,40,-79,-79,WPA2-Enterprise,CCMP,802.11ac,100,"6,9,12,18,24,36,48,54",,Infrastructure,Unknown,0.0,0.0,0,0,0,0,0,0,0,2024-02-16,20:01:41.651
49,airuc-secure,84:D4:7E:F2:FE:41,"Aruba, a Hewlett Packard Enterprise Company",60,60,-73,-73,WPA2-Enterprise,CCMP,802.11n,1,"2,5.5,11,18,24,36,48,54","6,9,12",Infrastructure,Unknown,0.0,0.0,0,0,0,0,0,0,0,2024-02-16,20:00:54.426
50,airuc-secure,84:D4:7E:F2:FE:41,"Aruba, a Hewlett Packard Enterprise Company",60,60,-73,-73,WPA2-Enterprise,CCMP,802.11n,1,"2,5.5,11,18,24,36,48,54","6,9,12",Infrastructure,Unknown,0.0,0.0,0,0,0,0,0,0,0,2024-02-16,20:01:41.651
51,airuc-secure,84:D4:7E:E6:24:F1,"Aruba, a Hewlett Packard Enterprise Company",50,50,-76,-76,WPA2-Enterprise,CCMP,802.11ac,144,"6,9,12,18,24,36,48,54",,Infrastructure,Unknown,0.0,0.0,0,0,0,0,0,0,0,2024-02-16,20:00:54.426
52,airuc-secure,84:D4:7E:E6:24:F1,"Aruba, a Hewlett Packard Enterprise Company",50,50,-76,-76,WPA2-Enterprise,CCMP,802.11ac,144,"6,9,12,18,24,36,48,54",,Infrastructure,Unknown,0.0,0.0,0,0,0,0,0,0,0,2024-02-16,20:01:41.651
53,airuc-secure,84:D4:7E:EE:94:11,"Aruba, a Hewlett Packard Enterprise Company",57,57,-74,-74,WPA2-Enterprise,CCMP,802.11ac,136,"6,9,12,18,24,36,48,54",,Infrastructure,Unknown,0.0,0.0,0,0,0,0,0,0,0,2024-02-16,20:00:54.426
54,airuc-secure,84:D4:7E:F3:08:11,"Aruba, a Hewlett Packard Enterprise Company",40,40,-79,-79,WPA2-Enterprise,CCMP,802.11ac,140,"6,9,12,18,24,36,48,54",,Infrastructure,Unknown,0.0,0.0,0,0,0,0,0,0,0,2024-02-16,20:00:54.426
55,airuc-secure,84:D4:7E:F3:08:11,"Aruba, a Hewlett Packard Enterprise Company",40,40,-79,-79,WPA2-Enterprise,CCMP,802.11ac,140,"6,9,12,18,24,36,48,54",,Infrastructure,Unknown,0.0,0.0,0,0,0,0,0,0,0,2024-02-16,20:01:41.651
56,airuc-secure,84:D4:7E:F2:FD:F1,"Aruba, a Hewlett Packard Enterprise Company",40,40,-79,-79,WPA2-Enterprise,CCMP,802.11ac,104,"6,9,12,18,24,36,48,54",,Infrastructure,Unknown,0.0,0.0,0,0,0,0,0,0,0,2024-02-16,20:00:54.426
57,airuc-secure,84:D4:7E:E6:73:F1,"Aruba, a Hewlett Packard Enterprise Company",67,67,-70,-70,WPA2-Enterprise,CCMP,802.11ac,136,"6,9,12,18,24,36,48,54",,Infrastructure,Unknown,0.0,0.0,0,0,0,0,0,0,0,2024-02-16,20:00:54.426
58,airuc-secure,84:D4:7E:E6:73:F1,"Aruba, a Hewlett Packard Enterprise Company",67,67,-70,-70,WPA2-Enterprise,CCMP,802.11ac,136,"6,9,12,18,24,36,48,54",,Infrastructure,Unknown,0.0,0.0,0,0,0,0,0,0,0,2024-02-16,20:01:41.651
59,airuc-secure,84:D4:7E:E6:24:01,"Aruba, a Hewlett Packard Enterprise Company",62,62,-72,-72,WPA2-Enterprise,CCMP,802.11n,1,"2,5.5,11,18,24,36,48,54","6,9,12",Infrastructure,Unknown,0.0,0.0,0,0,0,0,0,0,0,2024-02-16,20:00:54.426
60,airuc-secure,84:D4:7E:EF:3D:51,"Aruba, a Hewlett Packard Enterprise Company",40,40,-79,-79,WPA2-Enterprise,CCMP,802.11ac,136,"6,9,12,18,24,36,48,54",,Infrastructure,Unknown,0.0,0.0,0,0,0,0,0,0,0,2024-02-16,20:00:54.426
61,airuc-secure,84:D4:7E:EF:3D:51,"Aruba, a Hewlett Packard Enterprise Company",40,40,-79,-79,WPA2-Enterprise,CCMP,802.11ac,136,"6,9,12,18,24,36,48,54",,Infrastructure,Unknown,0.0,0.0,0,0,0,0,0,0,0,2024-02-16,20:01:41.651
62,airuc-secure,84:D4:7E:E6:24:E1,"Aruba, a Hewlett Packard Enterprise Company",65,65,-71,-71,WPA2-Enterprise,CCMP,802.11n,1,"2,5.5,11,18,24,36,48,54","6,9,12",Infrastructure,Unknown,0.0,0.0,0,0,0,0,0,0,0,2024-02-16,20:00:54.426
63,airuc-secure,04:BD:88:27:4F:51,"Aruba, a Hewlett Packard Enterprise Company",40,40,-79,-79,WPA2-Enterprise,CCMP,802.11ac,104,"6,9,12,18,24,36,48,54",,Infrastructure,Unknown,0.0,0.0,0,0,0,0,0,0,0,2024-02-16,20:00:54.426
64,airuc-secure,04:BD:88:27:4F:51,"Aruba, a Hewlett Packard Enterprise Company",40,40,-79,-79,WPA2-Enterprise,CCMP,802.11ac,104,"6,9,12,18,24,36,48,54",,Infrastructure,Unknown,0.0,0.0,0,0,0,0,0,0,0,2024-02-16,20:01:41.651
65,airuc-secure,84:D4:7E:F2:FC:61,"Aruba, a Hewlett Packard Enterprise Company",72,72,-68,-68,WPA2-Enterprise,CCMP,802.11n,11,"2,5.5,11,18,24,36,48,54","6,9,12",Infrastructure,Unknown,0.0,0.0,0,0,0,0,0,0,0,2024-02-16,20:00:54.426
66,airuc-secure,84:D4:7E:F2:FC:61,"Aruba, a Hewlett Packard Enterprise Company",72,72,-68,-68,WPA2-Enterprise,CCMP,802.11n,11,"2,5.5,11,18,24,36,48,54","6,9,12",Infrastructure,Unknown,0.0,0.0,0,0,0,0,0,0,0,2024-02-16,20:01:41.651
67,airuc-secure,84:D4:7E:E6:73:E1,"Aruba, a Hewlett Packard Enterprise Company",65,65,-71,-71,WPA2-Enterprise,CCMP,802.11n,1,"2,5.5,11,18,24,36,48,54","6,9,12",Infrastructure,Unknown,0.0,0.0,0,0,0,0,0,0,0,2024-02-16,20:00:54.426
68,airuc-secure,84:D4:7E:F2:FE:51,"Aruba, a Hewlett Packard Enterprise Company",40,40,-79,-79,WPA2-Enterprise,CCMP,802.11ac,40,"6,9,12,18,24,36,48,54",,Infrastructure,Unknown,0.0,0.0,0,0,0,0,0,0,0,2024-02-16,20:00:54.426
69,airuc-secure,84:D4:7E:EF:3F:D1,"Aruba, a Hewlett Packard Enterprise Company",40,40,-79,-79,WPA2-Enterprise,CCMP,802.11ac,100,"6,9,12,18,24,36,48,54",,Infrastructure,Unknown,0.0,0.0,0,0,0,0,0,0,0,2024-02-16,20:00:54.426
70,airuc-secure,84:D4:7E:EF:3F:D1,"Aruba, a Hewlett Packard Enterprise Company",40,40,-79,-79,WPA2-Enterprise,CCMP,802.11ac,100,"6,9,12,18,24,36,48,54",,Infrastructure,Unknown,0.0,0.0,0,0,0,0,0,0,0,2024-02-16,20:01:41.651
71,airuc-secure,84:D4:7E:E6:F2:31,"Aruba, a Hewlett Packard Enterprise Company",53,53,-75,-75,WPA2-Enterprise,CCMP,802.11ac,100,"6,9,12,18,24,36,48,54",,Infrastructure,Unknown,0.0,0.0,0,0,0,0,0,0,0,2024-02-16,20:00:54.426
72,airuc-secure,84:D4:7E:E6:F2:31,"Aruba, a Hewlett Packard Enterprise Company",53,53,-75,-75,WPA2-Enterprise,CCMP,802.11ac,100,"6,9,12,18,24,36,48,54",,Infrastructure,Unknown,0.0,0.0,0,0,0,0,0,0,0,2024-02-16,20:01:41.651
73,airuc-secure,84:D4:7E:E6:24:D1,"Aruba, a Hewlett Packard Enterprise Company",94,94,-46,-43,WPA2-Enterprise,CCMP,802.11ac,48,"6,9,12,18,24,36,48,54",,Infrastructure,Unknown,0.0,0.0,0,0,0,0,0,0,0,2024-02-16,20:00:54.426
74,airuc-secure,84:D4:7E:E6:24:D1,"Aruba, a Hewlett Packard Enterprise Company",92,94,-43,-43,WPA2-Enterprise,CCMP,802.11ac,48,"6,9,12,18,24,36,48,54",,Infrastructure,Unknown,0.0,0.0,0,0,0,0,0,0,0,2024-02-16,20:01:41.651
75,airuc-secure,84:D4:7E:E6:F0:B1,"Aruba, a Hewlett Packard Enterprise Company",40,40,-79,-79,WPA2-Enterprise,CCMP,802.11ac,161,"6,9,12,18,24,36,48,54",,Infrastructure,Unknown,0.0,0.0,0,0,0,0,0,0,0,2024-02-16,20:00:54.426
76,airuc-secure,84:D4:7E:E6:F0:B1,"Aruba, a Hewlett Packard Enterprise Company",40,40,-79,-79,WPA2-Enterprise,CCMP,802.11ac,161,"6,9,12,18,24,36,48,54",,Infrastructure,Unknown,0.0,0.0,0,0,0,0,0,0,0,2024-02-16,20:01:41.651
77,airuc-secure,04:BD:88:27:4F:F1,"Aruba, a Hewlett Packard Enterprise Company",53,53,-75,-75,WPA2-Enterprise,CCMP,802.11ac,136,"6,9,12,18,24,36,48,54",,Infrastructure,Unknown,0.0,0.0,0,0,0,0,0,0,0,2024-02-16,20:00:54.426
78,airuc-secure,04:BD:88:27:4F:F1,"Aruba, a Hewlett Packard Enterprise Company",53,53,-75,-75,WPA2-Enterprise,CCMP,802.11ac,136,"6,9,12,18,24,36,48,54",,Infrastructure,Unknown,0.0,0.0,0,0,0,0,0,0,0,2024-02-16,20:01:41.651
79,airuc-secure,84:D4:7E:EE:61:F1,"Aruba, a Hewlett Packard Enterprise Company",40,40,-79,-79,WPA2-Enterprise,CCMP,802.11ac,161,"6,9,12,18,24,36,48,54",,Infrastructure,Unknown,0.0,0.0,0,0,0,0,0,0,0,2024-02-16,20:00:54.426
80,airuc-secure,04:BD:88:27:51:81,"Aruba, a Hewlett Packard Enterprise Company",78,78,-66,-66,WPA2-Enterprise,CCMP,802.11n,1,"2,5.5,11,18,24,36,48,54","6,9,12",Infrastructure,Unknown,0.0,0.0,0,0,0,0,0,0,0,2024-02-16,20:00:54.426
81,airuc-secure,04:BD:88:27:51:81,"Aruba, a Hewlett Packard Enterprise Company",78,78,-66,-66,WPA2-Enterprise,CCMP,802.11n,1,"2,5.5,11,18,24,36,48,54","6,9,12",Infrastructure,Unknown,0.0,0.0,0,0,0,0,0,0,0,2024-02-16,20:01:41.651
82,airuc-secure,84:D4:7E:E6:24:B1,"Aruba, a Hewlett Packard Enterprise Company",60,60,-73,-73,WPA2-Enterprise,CCMP,802.11ac,48,"6,9,12,18,24,36,48,54",,Infrastructure,Unknown,0.0,0.0,0,0,0,0,0,0,0,2024-02-16,20:00:54.426
83,airuc-secure,84:D4:7E:E6:24:B1,"Aruba, a Hewlett Packard Enterprise Company",60,60,-73,-73,WPA2-Enterprise,CCMP,802.11ac,48,"6,9,12,18,24,36,48,54",,Infrastructure,Unknown,0.0,0.0,0,0,0,0,0,0,0,2024-02-16,20:01:41.651
84,airuc-secure,84:D4:7E:F2:F1:D1,"Aruba, a Hewlett Packard Enterprise Company",87,87,-52,-52,WPA2-Enterprise,CCMP,802.11ac,52,"6,9,12,18,24,36,48,54",,Infrastructure,Unknown,0.0,0.0,0,0,0,0,0,0,0,2024-02-16,20:00:54.426
85,airuc-secure,84:D4:7E:F2:F1:D1,"Aruba, a Hewlett Packard Enterprise Company",87,87,-52,-52,WPA2-Enterprise,CCMP,802.11ac,52,"6,9,12,18,24,36,48,54",,Infrastructure,Unknown,0.0,0.0,0,0,0,0,0,0,0,2024-02-16,20:01:41.651
86,airuc-secure,84:D4:7E:E6:24:C1,"Aruba, a Hewlett Packard Enterprise Company",85,85,-55,-55,WPA2-Enterprise,CCMP,802.11n,6,"2,5.5,11,18,24,36,48,54","6,9,12",Infrastructure,Unknown,0.0,0.0,0,0,0,0,0,0,0,2024-02-16,20:00:54.426
87,airuc-secure,84:D4:7E:E6:24:C1,"Aruba, a Hewlett Packard Enterprise Company",85,85,-55,-55,WPA2-Enterprise,CCMP,802.11n,6,"2,5.5,11,18,24,36,48,54","6,9,12",Infrastructure,Unknown,0.0,0.0,0,0,0,0,0,0,0,2024-02-16,20:01:41.651
88,airuc-secure,84:D4:7E:EF:35:71,"Aruba, a Hewlett Packard Enterprise Company",80,80,-65,-65,WPA2-Enterprise,CCMP,802.11ac,36,"6,9,12,18,24,36,48,54",,Infrastructure,Unknown,0.0,0.0,0,0,0,0,0,0,0,2024-02-16,20:00:54.426
89,airuc-secure,84:D4:7E:EF:35:71,"Aruba, a Hewlett Packard Enterprise Company",80,80,-65,-65,WPA2-Enterprise,CCMP,802.11ac,36,"6,9,12,18,24,36,48,54",,Infrastructure,Unknown,0.0,0.0,0,0,0,0,0,0,0,2024-02-16,20:01:41.651
90,airuc-secure,84:D4:7E:EF:40:F1,"Aruba, a Hewlett Packard Enterprise Company",40,40,-79,-79,WPA2-Enterprise,CCMP,802.11ac,60,"6,9,12,18,24,36,48,54",,Infrastructure,Unknown,0.0,0.0,0,0,0,0,0,0,0,2024-02-16,20:00:54.426
91,airuc-secure,84:D4:7E:E6:71:F1,"Aruba, a Hewlett Packard Enterprise Company",50,50,-76,-76,WPA2-Enterprise,CCMP,802.11ac,136,"6,9,12,18,24,36,48,54",,Infrastructure,Unknown,0.0,0.0,0,0,0,0,0,0,0,2024-02-16,20:00:54.426
92,eduroam,84:D4:7E:E6:24:E2,"Aruba, a Hewlett Packard Enterprise Company",62,62,-72,-72,WPA2-Enterprise,CCMP,802.11n,1,"2,5.5,11,18,24,36,48,54","6,9,12",Infrastructure,Unknown,0.0,0.0,0,0,0,0,0,0,0,2024-02-16,20:00:54.426
93,eduroam,84:D4:7E:EF:35:72,"Aruba, a Hewlett Packard Enterprise Company",80,80,-65,-65,WPA2-Enterprise,CCMP,802.11ac,36,"6,9,12,18,24,36,48,54",,Infrastructure,Unknown,0.0,0.0,0,0,0,0,0,0,0,2024-02-16,20:00:54.426
94,eduroam,84:D4:7E:EF:35:72,"Aruba, a Hewlett Packard Enterprise Company",80,80,-65,-65,WPA2-Enterprise,CCMP,802.11ac,36,"6,9,12,18,24,36,48,54",,Infrastructure,Unknown,0.0,0.0,0,0,0,0,0,0,0,2024-02-16,20:01:41.651
95,eduroam,84:D4:7E:EF:35:52,"Aruba, a Hewlett Packard Enterprise Company",82,83,-60,-59,WPA2-Enterprise,CCMP,802.11ac,144,"6,9,12,18,24,36,48,54",,Infrastructure,Unknown,0.0,0.0,0,0,0,0,0,0,0,2024-02-16,20:00:54.426
96,eduroam,84:D4:7E:EF:35:52,"Aruba, a Hewlett Packard Enterprise Company",83,83,-59,-59,WPA2-Enterprise,CCMP,802.11ac,144,"6,9,12,18,24,36,48,54",,Infrastructure,Unknown,0.0,0.0,0,0,0,0,0,0,0,2024-02-16,20:01:41.651
97,eduroam,84:D4:7E:E6:74:12,"Aruba, a Hewlett Packard Enterprise Company",62,65,-72,-71,WPA2-Enterprise,CCMP,802.11ac,44,"6,9,12,18,24,36,48,54",,Infrastructure,Unknown,0.0,0.0,0,0,0,0,0,0,0,2024-02-16,20:00:54.426
98,eduroam,84:D4:7E:E6:74:12,"Aruba, a Hewlett Packard Enterprise Company",65,65,-71,-71,WPA2-Enterprise,CCMP,802.11ac,44,"6,9,12,18,24,36,48,54",,Infrastructure,Unknown,0.0,0.0,0,0,0,0,0,0,0,2024-02-16,20:01:41.651
99,eduroam,04:BD:88:27:51:92,"Aruba, a Hewlett Packard Enterprise Company",40,46,-79,-77,WPA2-Enterprise,CCMP,802.11ac,64,"6,9,12,18,24,36,48,54",,Infrastructure,Unknown,0.0,0.0,0,0,0,0,0,0,0,2024-02-16,20:00:54.426
100,eduroam,04:BD:88:27:51:92,"Aruba, a Hewlett Packard Enterprise Company",46,46,-77,-77,WPA2-Enterprise,CCMP,802.11ac,64,"6,9,12,18,24,36,48,54",,Infrastructure,Unknown,0.0,0.0,0,0,0,0,0,0,0,2024-02-16,20:01:41.651
101,eduroam,84:D4:7E:E6:24:12,"Aruba, a Hewlett Packard Enterprise Company",78,78,-66,-66,WPA2-Enterprise,CCMP,802.11ac,52,"6,9,12,18,24,36,48,54",,Infrastructure,Unknown,0.0,0.0,0,0,0,0,0,0,0,2024-02-16,20:00:54.426
102,eduroam,84:D4:7E:E6:24:12,"Aruba, a Hewlett Packard Enterprise Company",70,78,-69,-66,WPA2-Enterprise,CCMP,802.11ac,52,"6,9,12,18,24,36,48,54",,Infrastructure,Unknown,0.0,0.0,0,0,0,0,0,0,0,2024-02-16,20:01:41.651
103,eduroam,84:D4:7E:E6:71:F2,"Aruba, a Hewlett Packard Enterprise Company",40,46,-79,-77,WPA2-Enterprise,CCMP,802.11ac,136,"6,9,12,18,24,36,48,54",,Infrastructure,Unknown,0.0,0.0,0,0,0,0,0,0,0,2024-02-16,20:00:54.426
104,eduroam,84:D4:7E:E6:71:F2,"Aruba, a Hewlett Packard Enterprise Company",46,46,-77,-77,WPA2-Enterprise,CCMP,802.11ac,136,"6,9,12,18,24,36,48,54",,Infrastructure,Unknown,0.0,0.0,0,0,0,0,0,0,0,2024-02-16,20:01:41.651
105,eduroam,04:BD:88:26:1D:32,"Aruba, a Hewlett Packard Enterprise Company",40,40,-79,-79,WPA2-Enterprise,CCMP,802.11ac,153,"6,9,12,18,24,36,48,54",,Infrastructure,Unknown,0.0,0.0,0,0,0,0,0,0,0,2024-02-16,20:00:54.426
106,eduroam,04:BD:88:26:1D:32,"Aruba, a Hewlett Packard Enterprise Company",40,40,-79,-79,WPA2-Enterprise,CCMP,802.11ac,153,"6,9,12,18,24,36,48,54",,Infrastructure,Unknown,0.0,0.0,0,0,0,0,0,0,0,2024-02-16,20:01:41.651
107,eduroam,84:D4:7E:F2:FD:E2,"Aruba, a Hewlett Packard Enterprise Company",57,57,-74,-74,WPA2-Enterprise,CCMP,802.11n,1,"2,5.5,11,18,24,36,48,54","6,9,12",Infrastructure,Unknown,0.0,0.0,0,0,0,0,0,0,0,2024-02-16,20:00:54.426
108,eduroam,84:D4:7E:F2:FD:D2,"Aruba, a Hewlett Packard Enterprise Company",84,84,-57,-57,WPA2-Enterprise,CCMP,802.11ac,108,"6,9,12,18,24,36,48,54",,Infrastructure,Unknown,0.0,0.0,0,0,0,0,0,0,0,2024-02-16,20:00:54.426
109,eduroam,84:D4:7E:F2:FD:D2,"Aruba, a Hewlett Packard Enterprise Company",82,84,-61,-57,WPA2-Enterprise,CCMP,802.11ac,108,"6,9,12,18,24,36,48,54",,Infrastructure,Unknown,0.0,0.0,0,0,0,0,0,0,0,2024-02-16,20:01:41.651
110,eduroam,84:D4:7E:E6:24:F2,"Aruba, a Hewlett Packard Enterprise Company",50,50,-76,-76,WPA2-Enterprise,CCMP,802.11ac,144,"6,9,12,18,24,36,48,54",,Infrastructure,Unknown,0.0,0.0,0,0,0,0,0,0,0,2024-02-16,20:00:54.426
111,eduroam,84:D4:7E:E6:24:F2,"Aruba, a Hewlett Packard Enterprise Company",40,50,-79,-76,WPA2-Enterprise,CCMP,802.11ac,144,"6,9,12,18,24,36,48,54",,Infrastructure,Unknown,0.0,0.0,0,0,0,0,0,0,0,2024-02-16,20:01:41.651
112,eduroam,84:D4:7E:F2:FE:B2,"Aruba, a Hewlett Packard Enterprise Company",40,40,-79,-79,WPA2-Enterprise,CCMP,802.11ac,52,"6,9,12,18,24,36,48,54",,Infrastructure,Unknown,0.0,0.0,0,0,0,0,0,0,0,2024-02-16,20:00:54.426
113,eduroam,84:D4:7E:E6:77:52,"Aruba, a Hewlett Packard Enterprise Company",40,40,-79,-79,WPA2-Enterprise,CCMP,802.11ac,144,"6,9,12,18,24,36,48,54",,Infrastructure,Unknown,0.0,0.0,0,0,0,0,0,0,0,2024-02-16,20:00:54.426
114,eduroam,84:D4:7E:E6:72:72,"Aruba, a Hewlett Packard Enterprise Company",43,50,-78,-76,WPA2-Enterprise,CCMP,802.11ac,104,"6,9,12,18,24,36,48,54",,Infrastructure,Unknown,0.0,0.0,0,0,0,0,0,0,0,2024-02-16,20:00:54.426
115,eduroam,84:D4:7E:E6:72:72,"Aruba, a Hewlett Packard Enterprise Company",50,50,-76,-76,WPA2-Enterprise,CCMP,802.11ac,104,"6,9,12,18,24,36,48,54",,Infrastructure,Unknown,0.0,0.0,0,0,0,0,0,0,0,2024-02-16,20:01:41.651
116,eduroam,84:D4:7E:E6:77:42,"Aruba, a Hewlett Packard Enterprise Company",62,62,-72,-72,WPA2-Enterprise,CCMP,802.11n,11,"2,5.5,11,18,24,36,48,54","6,9,12",Infrastructure,Unknown,0.0,0.0,0,0,0,0,0,0,0,2024-02-16,20:00:54.426
117,eduroam,84:D4:7E:E6:24:C2,"Aruba, a Hewlett Packard Enterprise Company",88,88,-49,-49,WPA2-Enterprise,CCMP,802.11n,6,"2,5.5,11,18,24,36,48,54","6,9,12",Infrastructure,Unknown,0.0,0.0,0,0,0,0,0,0,0,2024-02-16,20:00:54.426
118,eduroam,84:D4:7E:E6:24:C2,"Aruba, a Hewlett Packard Enterprise Company",83,88,-58,-49,WPA2-Enterprise,CCMP,802.11n,6,"2,5.5,11,18,24,36,48,54","6,9,12",Infrastructure,Unknown,0.0,0.0,0,0,0,0,0,0,0,2024-02-16,20:01:41.651
119,eduroam,84:D4:7E:E6:F0:B2,"Aruba, a Hewlett Packard Enterprise Company",40,40,-79,-79,WPA2-Enterprise,CCMP,802.11ac,161,"6,9,12,18,24,36,48,54",,Infrastructure,Unknown,0.0,0.0,0,0,0,0,0,0,0,2024-02-16,20:00:54.426
120,eduroam,84:D4:7E:E6:F0:B2,"Aruba, a Hewlett Packard Enterprise Company",40,40,-79,-79,WPA2-Enterprise,CCMP,802.11ac,161,"6,9,12,18,24,36,48,54",,Infrastructure,Unknown,0.0,0.0,0,0,0,0,0,0,0,2024-02-16,20:01:41.651
121,eduroam,84:D4:7E:F3:00:82,"Aruba, a Hewlett Packard Enterprise Company",60,60,-73,-73,WPA2-Enterprise,CCMP,802.11n,1,"2,5.5,11,18,24,36,48,54","6,9,12",Infrastructure,Unknown,0.0,0.0,0,0,0,0,0,0,0,2024-02-16,20:00:54.426
122,eduroam,84:D4:7E:EF:3F:D2,"Aruba, a Hewlett Packard Enterprise Company",43,43,-78,-78,WPA2-Enterprise,CCMP,802.11ac,100,"6,9,12,18,24,36,48,54",,Infrastructure,Unknown,0.0,0.0,0,0,0,0,0,0,0,2024-02-16,20:00:54.426
123,eduroam,84:D4:7E:EF:3F:D2,"Aruba, a Hewlett Packard Enterprise Company",43,43,-78,-78,WPA2-Enterprise,CCMP,802.11ac,100,"6,9,12,18,24,36,48,54",,Infrastructure,Unknown,0.0,0.0,0,0,0,0,0,0,0,2024-02-16,20:01:41.651
124,eduroam,84:D4:7E:E6:76:C2,"Aruba, a Hewlett Packard Enterprise Company",81,81,-63,-63,WPA2-Enterprise,CCMP,802.11n,1,"2,5.5,11,18,24,36,48,54","6,9,12",Infrastructure,Unknown,0.0,0.0,0,0,0,0,0,0,0,2024-02-16,20:00:54.426
125,eduroam,04:BD:88:27:4A:52,"Aruba, a Hewlett Packard Enterprise Company",57,57,-74,-74,WPA2-Enterprise,CCMP,802.11ac,153,"6,9,12,18,24,36,48,54",,Infrastructure,Unknown,0.0,0.0,0,0,0,0,0,0,0,2024-02-16,20:00:54.426
126,eduroam,04:BD:88:27:4A:52,"Aruba, a Hewlett Packard Enterprise Company",57,57,-74,-74,WPA2-Enterprise,CCMP,802.11ac,153,"6,9,12,18,24,36,48,54",,Infrastructure,Unknown,0.0,0.0,0,0,0,0,0,0,0,2024-02-16,20:01:41.651
127,eduroam,84:D4:7E:E6:78:32,"Aruba, a Hewlett Packard Enterprise Company",53,53,-75,-75,WPA2-Enterprise,CCMP,802.11ac,140,"6,9,12,18,24,36,48,54",,Infrastructure,Unknown,0.0,0.0,0,0,0,0,0,0,0,2024-02-16,20:00:54.426
128,eduroam,84:D4:7E:E6:78:32,"Aruba, a Hewlett Packard Enterprise Company",50,53,-76,-75,WPA2-Enterprise,CCMP,802.11ac,140,"6,9,12,18,24,36,48,54",,Infrastructure,Unknown,0.0,0.0,0,0,0,0,0,0,0,2024-02-16,20:01:41.651
129,eduroam,84:D4:7E:F3:29:F2,"Aruba, a Hewlett Packard Enterprise Company",62,65,-72,-71,WPA2-Enterprise,CCMP,802.11ac,60,"6,9,12,18,24,36,48,54",,Infrastructure,Unknown,0.0,0.0,0,0,0,0,0,0,0,2024-02-16,20:00:54.426
130,eduroam,84:D4:7E:F3:29:F2,"Aruba, a Hewlett Packard Enterprise Company",65,65,-71,-71,WPA2-Enterprise,CCMP,802.11ac,60,"6,9,12,18,24,36,48,54",,Infrastructure,Unknown,0.0,0.0,0,0,0,0,0,0,0,2024-02-16,20:01:41.651
131,eduroam,84:D4:7E:E6:E8:52,"Aruba, a Hewlett Packard Enterprise Company",65,65,-71,-71,WPA2-Enterprise,CCMP,802.11ac,112,"6,9,12,18,24,36,48,54",,Infrastructure,Unknown,0.0,0.0,0,0,0,0,0,0,0,2024-02-16,20:00:54.426
132,eduroam,84:D4:7E:E6:E8:52,"Aruba, a Hewlett Packard Enterprise Company",65,65,-71,-71,WPA2-Enterprise,CCMP,802.11ac,112,"6,9,12,18,24,36,48,54",,Infrastructure,Unknown,0.0,0.0,0,0,0,0,0,0,0,2024-02-16,20:01:41.651
133,eduroam,84:D4:7E:EE:61:F2,"Aruba, a Hewlett Packard Enterprise Company",40,40,-79,-79,WPA2-Enterprise,CCMP,802.11ac,161,"6,9,12,18,24,36,48,54",,Infrastructure,Unknown,0.0,0.0,0,0,0,0,0,0,0,2024-02-16,20:00:54.426
134,eduroam,84:D4:7E:F3:08:12,"Aruba, a Hewlett Packard Enterprise Company",40,40,-79,-79,WPA2-Enterprise,CCMP,802.11ac,140,"6,9,12,18,24,36,48,54",,Infrastructure,Unknown,0.0,0.0,0,0,0,0,0,0,0,2024-02-16,20:00:54.426
135,eduroam,84:D4:7E:F3:08:12,"Aruba, a Hewlett Packard Enterprise Company",40,40,-79,-79,WPA2-Enterprise,CCMP,802.11ac,140,"6,9,12,18,24,36,48,54",,Infrastructure,Unknown,0.0,0.0,0,0,0,0,0,0,0,2024-02-16,20:01:41.651
136,eduroam,6C:F3:7F:EF:C5:12,"Aruba, a Hewlett Packard Enterprise Company",40,40,-79,-79,WPA2-Enterprise,CCMP,802.11ac,56,"6,9,12,18,24,36,48,54",,Infrastructure,Unknown,0.0,0.0,0,0,0,0,0,0,0,2024-02-16,20:00:54.426
137,eduroam,84:D4:7E:F2:FD:F2,"Aruba, a Hewlett Packard Enterprise Company",40,40,-79,-79,WPA2-Enterprise,CCMP,802.11ac,104,"6,9,12,18,24,36,48,54",,Infrastructure,Unknown,0.0,0.0,0,0,0,0,0,0,0,2024-02-16,20:00:54.426
138,eduroam,84:D4:7E:F2:FD:F2,"Aruba, a Hewlett Packard Enterprise Company",40,40,-79,-79,WPA2-Enterprise,CCMP,802.11ac,104,"6,9,12,18,24,36,48,54",,Infrastructure,Unknown,0.0,0.0,0,0,0,0,0,0,0,2024-02-16,20:01:41.651
139,eduroam,84:D4:7E:F3:0A:B2,"Aruba, a Hewlett Packard Enterprise Company",40,40,-79,-79,WPA2-Enterprise,CCMP,802.11ac,48,"6,9,12,18,24,36,48,54",,Infrastructure,Unknown,0.0,0.0,0,0,0,0,0,0,0,2024-02-16,20:00:54.426
140,eduroam,84:D4:7E:F3:0A:B2,"Aruba, a Hewlett Packard Enterprise Company",40,40,-79,-79,WPA2-Enterprise,CCMP,802.11ac,48,"6,9,12,18,24,36,48,54",,Infrastructure,Unknown,0.0,0.0,0,0,0,0,0,0,0,2024-02-16,20:01:41.651
141,eduroam,84:D4:7E:E6:24:D2,"Aruba, a Hewlett Packard Enterprise Company",89,91,-48,-45,WPA2-Enterprise,CCMP,802.11ac,48,"6,9,12,18,24,36,48,54",,Infrastructure,Unknown,0.0,0.0,0,0,0,0,0,0,0,2024-02-16,20:00:54.426
142,eduroam,84:D4:7E:E6:24:D2,"Aruba, a Hewlett Packard Enterprise Company",91,91,-45,-45,WPA2-Enterprise,CCMP,802.11ac,48,"6,9,12,18,24,36,48,54",,Infrastructure,Unknown,0.0,0.0,0,0,0,0,0,0,0,2024-02-16,20:01:41.651
143,eduroam,84:D4:7E:F3:09:52,"Aruba, a Hewlett Packard Enterprise Company",40,40,-79,-79,WPA2-Enterprise,CCMP,802.11ac,136,"6,9,12,18,24,36,48,54",,Infrastructure,Unknown,0.0,0.0,0,0,0,0,0,0,0,2024-02-16,20:00:54.426
144,eduroam,04:BD:88:27:5E:F2,"Aruba, a Hewlett Packard Enterprise Company",40,40,-79,-79,WPA2-Enterprise,CCMP,802.11ac,100,"6,9,12,18,24,36,48,54",,Infrastructure,Unknown,0.0,0.0,0,0,0,0,0,0,0,2024-02-16,20:00:54.426
145,eduroam,04:BD:88:27:5E:F2,"Aruba, a Hewlett Packard Enterprise Company",40,40,-79,-79,WPA2-Enterprise,CCMP,802.11ac,100,"6,9,12,18,24,36,48,54",,Infrastructure,Unknown,0.0,0.0,0,0,0,0,0,0,0,2024-02-16,20:01:41.651
146,eduroam,84:D4:7E:EF:40:F2,"Aruba, a Hewlett Packard Enterprise Company",40,40,-79,-79,WPA2-Enterprise,CCMP,802.11ac,60,"6,9,12,18,24,36,48,54",,Infrastructure,Unknown,0.0,0.0,0,0,0,0,0,0,0,2024-02-16,20:00:54.426
147,eduroam,84:D4:7E:EF:40:F2,"Aruba, a Hewlett Packard Enterprise Company",40,40,-79,-79,WPA2-Enterprise,CCMP,802.11ac,60,"6,9,12,18,24,36,48,54",,Infrastructure,Unknown,0.0,0.0,0,0,0,0,0,0,0,2024-02-16,20:01:41.651
148,eduroam,9C:1C:12:98:61:D2,"Aruba, a Hewlett Packard Enterprise Company",40,40,-79,-79,WPA2-Enterprise,CCMP,802.11ac,112,"6,9,12,18,24,36,48,54",,Infrastructure,Unknown,0.0,0.0,0,0,0,0,0,0,0,2024-02-16,20:00:54.426
149,eduroam,84:D4:7E:EE:94:12,"Aruba, a Hewlett Packard Enterprise Company",57,57,-74,-74,WPA2-Enterprise,CCMP,802.11ac,136,"6,9,12,18,24,36,48,54",,Infrastructure,Unknown,0.0,0.0,0,0,0,0,0,0,0,2024-02-16,20:00:54.426
150,eduroam,84:D4:7E:EE:94:12,"Aruba, a Hewlett Packard Enterprise Company",57,57,-74,-74,WPA2-Enterprise,CCMP,802.11ac,136,"6,9,12,18,24,36,48,54",,Infrastructure,Unknown,0.0,0.0,0,0,0,0,0,0,0,2024-02-16,20:01:41.651
151,eduroam,84:D4:7E:F2:FE:52,"Aruba, a Hewlett Packard Enterprise Company",40,43,-79,-78,WPA2-Enterprise,CCMP,802.11ac,40,"6,9,12,18,24,36,48,54",,Infrastructure,Unknown,0.0,0.0,0,0,0,0,0,0,0,2024-02-16,20:00:54.426
152,eduroam,84:D4:7E:F2:FE:52,"Aruba, a Hewlett Packard Enterprise Company",43,43,-78,-78,WPA2-Enterprise,CCMP,802.11ac,40,"6,9,12,18,24,36,48,54",,Infrastructure,Unknown,0.0,0.0,0,0,0,0,0,0,0,2024-02-16,20:01:41.651
153,airuc-guest,04:BD:88:27:4F:F0,"Aruba, a Hewlett Packard Enterprise Company",57,57,-74,-74,Open,,802.11ac,136,"6,9,12,18,24,36,48,54",,Infrastructure,Unknown,0.0,0.0,0,0,0,0,0,0,0,2024-02-16,20:01:41.651
154,eduroam,84:D4:7E:E6:24:02,"Aruba, a Hewlett Packard Enterprise Company",70,70,-69,-69,WPA2-Enterprise,CCMP,802.11n,1,"2,5.5,11,18,24,36,48,54","6,9,12",Infrastructure,Unknown,0.0,0.0,0,0,0,0,0,0,0,2024-02-16,20:00:54.426
155,eduroam,84:D4:7E:F2:FD:C2,"Aruba, a Hewlett Packard Enterprise Company",83,85,-59,-55,WPA2-Enterprise,CCMP,802.11n,6,"2,5.5,11,18,24,36,48,54","6,9,12",Infrastructure,Unknown,0.0,0.0,0,0,0,0,0,0,0,2024-02-16,20:00:54.426
156,eduroam,84:D4:7E:F2:FD:C2,"Aruba, a Hewlett Packard Enterprise Company",85,85,-55,-55,WPA2-Enterprise,CCMP,802.11n,6,"2,5.5,11,18,24,36,48,54","6,9,12",Infrastructure,Unknown,0.0,0.0,0,0,0,0,0,0,0,2024-02-16,20:01:41.651
157,eduroam,84:D4:7E:F2:FC:72,"Aruba, a Hewlett Packard Enterprise Company",57,57,-74,-74,WPA2-Enterprise,CCMP,802.11ac,44,"6,9,12,18,24,36,48,54",,Infrastructure,Unknown,0.0,0.0,0,0,0,0,0,0,0,2024-02-16,20:00:54.426
158,eduroam,84:D4:7E:F2:FC:72,"Aruba, a Hewlett Packard Enterprise Company",46,57,-77,-74,WPA2-Enterprise,CCMP,802.11ac,44,"6,9,12,18,24,36,48,54",,Infrastructure,Unknown,0.0,0.0,0,0,0,0,0,0,0,2024-02-16,20:01:41.651
159,eduroam,04:BD:88:27:4F:52,"Aruba, a Hewlett Packard Enterprise Company",40,40,-79,-79,WPA2-Enterprise,CCMP,802.11ac,104,"6,9,12,18,24,36,48,54",,Infrastructure,Unknown,0.0,0.0,0,0,0,0,0,0,0,2024-02-16,20:00:54.426
160,eduroam,04:BD:88:27:4F:52,"Aruba, a Hewlett Packard Enterprise Company",40,40,-79,-79,WPA2-Enterprise,CCMP,802.11ac,104,"6,9,12,18,24,36,48,54",,Infrastructure,Unknown,0.0,0.0,0,0,0,0,0,0,0,2024-02-16,20:01:41.651
161,eduroam,84:D4:7E:F2:FD:52,"Aruba, a Hewlett Packard Enterprise Company",40,40,-79,-79,WPA2-Enterprise,CCMP,802.11ac,100,"6,9,12,18,24,36,48,54",,Infrastructure,Unknown,0.0,0.0,0,0,0,0,0,0,0,2024-02-16,20:00:54.426
162,eduroam,84:D4:7E:F2:FD:52,"Aruba, a Hewlett Packard Enterprise Company",40,40,-79,-79,WPA2-Enterprise,CCMP,802.11ac,100,"6,9,12,18,24,36,48,54",,Infrastructure,Unknown,0.0,0.0,0,0,0,0,0,0,0,2024-02-16,20:01:41.651
163,eduroam,84:D4:7E:E6:F0:A2,"Aruba, a Hewlett Packard Enterprise Company",67,67,-70,-70,WPA2-Enterprise,CCMP,802.11n,11,"2,5.5,11,18,24,36,48,54","6,9,12",Infrastructure,Unknown,0.0,0.0,0,0,0,0,0,0,0,2024-02-16,20:00:54.426
164,eduroam,6C:F3:7F:EF:71:42,"Aruba, a Hewlett Packard Enterprise Company",57,57,-74,-74,WPA2-Enterprise,CCMP,802.11n,6,"2,5.5,11,18,24,36,48,54","6,9,12",Infrastructure,Unknown,0.0,0.0,0,0,0,0,0,0,0,2024-02-16,20:00:54.426
165,eduroam,6C:F3:7F:EF:71:42,"Aruba, a Hewlett Packard Enterprise Company",57,57,-74,-74,WPA2-Enterprise,CCMP,802.11n,6,"2,5.5,11,18,24,36,48,54","6,9,12",Infrastructure,Unknown,0.0,0.0,0,0,0,0,0,0,0,2024-02-16,20:01:41.651
166,eduroam,84:D4:7E:E6:76:D2,"Aruba, a Hewlett Packard Enterprise Company",70,70,-69,-69,WPA2-Enterprise,CCMP,802.11ac,132,"6,9,12,18,24,36,48,54",,Infrastructure,Unknown,0.0,0.0,0,0,0,0,0,0,0,2024-02-16,20:00:54.426
167,eduroam,84:D4:7E:E6:76:D2,"Aruba, a Hewlett Packard Enterprise Company",70,70,-69,-69,WPA2-Enterprise,CCMP,802.11ac,132,"6,9,12,18,24,36,48,54",,Infrastructure,Unknown,0.0,0.0,0,0,0,0,0,0,0,2024-02-16,20:01:41.651
168,eduroam,84:D4:7E:F3:01:12,"Aruba, a Hewlett Packard Enterprise Company",40,40,-79,-79,WPA2-Enterprise,CCMP,802.11ac,161,"6,9,12,18,24,36,48,54",,Infrastructure,Unknown,0.0,0.0,0,0,0,0,0,0,0,2024-02-16,20:00:54.426
169,eduroam,84:D4:7E:F3:01:12,"Aruba, a Hewlett Packard Enterprise Company",40,40,-79,-79,WPA2-Enterprise,CCMP,802.11ac,161,"6,9,12,18,24,36,48,54",,Infrastructure,Unknown,0.0,0.0,0,0,0,0,0,0,0,2024-02-16,20:01:41.651
170,eduroam,84:D4:7E:E6:82:32,"Aruba, a Hewlett Packard Enterprise Company",43,43,-78,-78,WPA2-Enterprise,CCMP,802.11ac,112,"6,9,12,18,24,36,48,54",,Infrastructure,Unknown,0.0,0.0,0,0,0,0,0,0,0,2024-02-16,20:00:54.426
171,eduroam,84:D4:7E:E6:82:32,"Aruba, a Hewlett Packard Enterprise Company",43,43,-78,-78,WPA2-Enterprise,CCMP,802.11ac,112,"6,9,12,18,24,36,48,54",,Infrastructure,Unknown,0.0,0.0,0,0,0,0,0,0,0,2024-02-16,20:01:41.651
172,eduroam,84:D4:7E:F3:00:92,"Aruba, a Hewlett Packard Enterprise Company",43,43,-78,-78,WPA2-Enterprise,CCMP,802.11ac,36,"6,9,12,18,24,36,48,54",,Infrastructure,Unknown,0.0,0.0,0,0,0,0,0,0,0,2024-02-16,20:00:54.426
173,eduroam,84:D4:7E:F3:00:92,"Aruba, a Hewlett Packard Enterprise Company",43,43,-78,-78,WPA2-Enterprise,CCMP,802.11ac,36,"6,9,12,18,24,36,48,54",,Infrastructure,Unknown,0.0,0.0,0,0,0,0,0,0,0,2024-02-16,20:01:41.651
174,eduroam,84:D4:7E:E6:73:F2,"Aruba, a Hewlett Packard Enterprise Company",67,67,-70,-70,WPA2-Enterprise,CCMP,802.11ac,136,"6,9,12,18,24,36,48,54",,Infrastructure,Unknown,0.0,0.0,0,0,0,0,0,0,0,2024-02-16,20:00:54.426
175,eduroam,84:D4:7E:E6:73:F2,"Aruba, a Hewlett Packard Enterprise Company",57,67,-74,-70,WPA2-Enterprise,CCMP,802.11ac,136,"6,9,12,18,24,36,48,54",,Infrastructure,Unknown,0.0,0.0,0,0,0,0,0,0,0,2024-02-16,20:01:41.651
176,eduroam,84:D4:7E:E6:26:B2,"Aruba, a Hewlett Packard Enterprise Company",62,62,-72,-72,WPA2-Enterprise,CCMP,802.11ac,40,"6,9,12,18,24,36,48,54",,Infrastructure,Unknown,0.0,0.0,0,0,0,0,0,0,0,2024-02-16,20:00:54.426
177,eduroam,84:D4:7E:E6:26:B2,"Aruba, a Hewlett Packard Enterprise Company",40,62,-79,-72,WPA2-Enterprise,CCMP,802.11ac,40,"6,9,12,18,24,36,48,54",,Infrastructure,Unknown,0.0,0.0,0,0,0,0,0,0,0,2024-02-16,20:01:41.651
178,eduroam,04:BD:88:27:4F:E2,"Aruba, a Hewlett Packard Enterprise Company",62,62,-72,-72,WPA2-Enterprise,CCMP,802.11n,6,"2,5.5,11,18,24,36,48,54","6,9,12",Infrastructure,Unknown,0.0,0.0,0,0,0,0,0,0,0,2024-02-16,20:00:54.426
179,eduroam,84:D4:7E:F2:F1:C2,"Aruba, a Hewlett Packard Enterprise Company",81,81,-62,-62,WPA2-Enterprise,CCMP,802.11n,1,"2,5.5,11,18,24,36,48,54","6,9,12",Infrastructure,Unknown,0.0,0.0,0,0,0,0,0,0,0,2024-02-16,20:00:54.426
180,eduroam,84:D4:7E:F2:F1:C2,"Aruba, a Hewlett Packard Enterprise Company",81,81,-62,-62,WPA2-Enterprise,CCMP,802.11n,1,"2,5.5,11,18,24,36,48,54","6,9,12",Infrastructure,Unknown,0.0,0.0,0,0,0,0,0,0,0,2024-02-16,20:01:41.651
181,eduroam,84:D4:7E:EF:3D:52,"Aruba, a Hewlett Packard Enterprise Company",40,40,-79,-79,WPA2-Enterprise,CCMP,802.11ac,136,"6,9,12,18,24,36,48,54",,Infrastructure,Unknown,0.0,0.0,0,0,0,0,0,0,0,2024-02-16,20:00:54.426
182,eduroam,84:D4:7E:EF:3D:52,"Aruba, a Hewlett Packard Enterprise Company",40,40,-79,-79,WPA2-Enterprise,CCMP,802.11ac,136,"6,9,12,18,24,36,48,54",,Infrastructure,Unknown,0.0,0.0,0,0,0,0,0,0,0,2024-02-16,20:01:41.651
183,eduroam,84:D4:7E:F3:0A:F2,"Aruba, a Hewlett Packard Enterprise Company",40,40,-79,-79,WPA2-Enterprise,CCMP,802.11ac,64,"6,9,12,18,24,36,48,54",,Infrastructure,Unknown,0.0,0.0,0,0,0,0,0,0,0,2024-02-16,20:00:54.426
184,eduroam,84:D4:7E:F3:0A:F2,"Aruba, a Hewlett Packard Enterprise Company",40,40,-79,-79,WPA2-Enterprise,CCMP,802.11ac,64,"6,9,12,18,24,36,48,54",,Infrastructure,Unknown,0.0,0.0,0,0,0,0,0,0,0,2024-02-16,20:01:41.651
185,eduroam,04:BD:88:27:4F:F2,"Aruba, a Hewlett Packard Enterprise Company",53,57,-75,-74,WPA2-Enterprise,CCMP,802.11ac,136,"6,9,12,18,24,36,48,54",,Infrastructure,Unknown,0.0,0.0,0,0,0,0,0,0,0,2024-02-16,20:00:54.426
186,eduroam,04:BD:88:27:4F:F2,"Aruba, a Hewlett Packard Enterprise Company",57,57,-74,-74,WPA2-Enterprise,CCMP,802.11ac,136,"6,9,12,18,24,36,48,54",,Infrastructure,Unknown,0.0,0.0,0,0,0,0,0,0,0,2024-02-16,20:01:41.651
187,eduroam,84:D4:7E:F2:F1:D2,"Aruba, a Hewlett Packard Enterprise Company",87,87,-52,-52,WPA2-Enterprise,CCMP,802.11ac,52,"6,9,12,18,24,36,48,54",,Infrastructure,Unknown,0.0,0.0,0,0,0,0,0,0,0,2024-02-16,20:00:54.426
188,eduroam,84:D4:7E:F2:F1:D2,"Aruba, a Hewlett Packard Enterprise Company",81,87,-62,-52,WPA2-Enterprise,CCMP,802.11ac,52,"6,9,12,18,24,36,48,54",,Infrastructure,Unknown,0.0,0.0,0,0,0,0,0,0,0,2024-02-16,20:01:41.651
189,eduroam,84:D4:7E:E6:F2:32,"Aruba, a Hewlett Packard Enterprise Company",53,53,-75,-75,WPA2-Enterprise,CCMP,802.11ac,100,"6,9,12,18,24,36,48,54",,Infrastructure,Unknown,0.0,0.0,0,0,0,0,0,0,0,2024-02-16,20:00:54.426
190,eduroam,84:D4:7E:E6:F2:32,"Aruba, a Hewlett Packard Enterprise Company",53,53,-75,-75,WPA2-Enterprise,CCMP,802.11ac,100,"6,9,12,18,24,36,48,54",,Infrastructure,Unknown,0.0,0.0,0,0,0,0,0,0,0,2024-02-16,20:01:41.651
191,eduroam,84:D4:7E:EF:4E:B2,"Aruba, a Hewlett Packard Enterprise Company",40,40,-79,-79,WPA2-Enterprise,CCMP,802.11ac,100,"6,9,12,18,24,36,48,54",,Infrastructure,Unknown,0.0,0.0,0,0,0,0,0,0,0,2024-02-16,20:00:54.426
192,eduroam,84:D4:7E:EF:4E:B2,"Aruba, a Hewlett Packard Enterprise Company",40,40,-79,-79,WPA2-Enterprise,CCMP,802.11ac,100,"6,9,12,18,24,36,48,54",,Infrastructure,Unknown,0.0,0.0,0,0,0,0,0,0,0,2024-02-16,20:01:41.651
193,eduroam,84:D4:7E:EF:35:62,"Aruba, a Hewlett Packard Enterprise Company",81,81,-63,-63,WPA2-Enterprise,CCMP,802.11n,6,"2,5.5,11,18,24,36,48,54","6,9,12",Infrastructure,Unknown,0.0,0.0,0,0,0,0,0,0,0,2024-02-16,20:00:54.426
194,eduroam,84:D4:7E:EF:35:62,"Aruba, a Hewlett Packard Enterprise Company",81,81,-63,-63,WPA2-Enterprise,CCMP,802.11n,6,"2,5.5,11,18,24,36,48,54","6,9,12",Infrastructure,Unknown,0.0,0.0,0,0,0,0,0,0,0,2024-02-16,20:01:41.651
195,eduroam,84:D4:7E:EF:4F:12,"Aruba, a Hewlett Packard Enterprise Company",40,40,-79,-79,WPA2-Enterprise,CCMP,802.11ac,149,"6,9,12,18,24,36,48,54",,Infrastructure,Unknown,0.0,0.0,0,0,0,0,0,0,0,2024-02-16,20:00:54.426
196,eduroam,84:D4:7E:EF:4F:12,"Aruba, a Hewlett Packard Enterprise Company",40,40,-79,-79,WPA2-Enterprise,CCMP,802.11ac,149,"6,9,12,18,24,36,48,54",,Infrastructure,Unknown,0.0,0.0,0,0,0,0,0,0,0,2024-02-16,20:01:41.651
197,eduroam,04:BD:88:27:4A:42,"Aruba, a Hewlett Packard Enterprise Company",78,78,-66,-66,WPA2-Enterprise,CCMP,802.11n,11,"2,5.5,11,18,24,36,48,54","6,9,12",Infrastructure,Unknown,0.0,0.0,0,0,0,0,0,0,0,2024-02-16,20:00:54.426
198,eduroam,04:BD:88:27:4A:42,"Aruba, a Hewlett Packard Enterprise Company",78,78,-66,-66,WPA2-Enterprise,CCMP,802.11n,11,"2,5.5,11,18,24,36,48,54","6,9,12",Infrastructure,Unknown,0.0,0.0,0,0,0,0,0,0,0,2024-02-16,20:01:41.651
199,eduroam,84:D4:7E:E6:24:B2,"Aruba, a Hewlett Packard Enterprise Company",60,60,-73,-73,WPA2-Enterprise,CCMP,802.11ac,48,"6,9,12,18,24,36,48,54",,Infrastructure,Unknown,0.0,0.0,0,0,0,0,0,0,0,2024-02-16,20:00:54.426
200,eduroam,84:D4:7E:E6:24:B2,"Aruba, a Hewlett Packard Enterprise Company",50,60,-76,-73,WPA2-Enterprise,CCMP,802.11ac,48,"6,9,12,18,24,36,48,54",,Infrastructure,Unknown,0.0,0.0,0,0,0,0,0,0,0,2024-02-16,20:01:41.651
201,eduroam,94:B4:0F:17:D0:52,"Aruba, a Hewlett Packard Enterprise Company",40,40,-79,-79,WPA2-Enterprise,CCMP,802.11ac,48,"6,9,12,18,24,36,48,54",,Infrastructure,Unknown,0.0,0.0,0,0,0,0,0,0,0,2024-02-16,20:00:54.426
202,eduroam,84:D4:7E:E6:74:02,"Aruba, a Hewlett Packard Enterprise Company",80,80,-65,-65,WPA2-Enterprise,CCMP,802.11n,1,"2,5.5,11,18,24,36,48,54","6,9,12",Infrastructure,Unknown,0.0,0.0,0,0,0,0,0,0,0,2024-02-16,20:00:54.426
203,eduroam,84:D4:7E:E6:83:F2,"Aruba, a Hewlett Packard Enterprise Company",57,57,-74,-74,WPA2-Enterprise,CCMP,802.11ac,157,"6,9,12,18,24,36,48,54",,Infrastructure,Unknown,0.0,0.0,0,0,0,0,0,0,0,2024-02-16,20:00:54.426
204,eduroam,84:D4:7E:E6:83:F2,"Aruba, a Hewlett Packard Enterprise Company",57,57,-74,-74,WPA2-Enterprise,CCMP,802.11ac,157,"6,9,12,18,24,36,48,54",,Infrastructure,Unknown,0.0,0.0,0,0,0,0,0,0,0,2024-02-16,20:01:41.651
205,eduroam,84:D4:7E:EE:A2:32,"Aruba, a Hewlett Packard Enterprise Company",40,40,-79,-79,WPA2-Enterprise,CCMP,802.11ac,157,"6,9,12,18,24,36,48,54",,Infrastructure,Unknown,0.0,0.0,0,0,0,0,0,0,0,2024-02-16,20:00:54.426
206,eduroam,84:D4:7E:EE:A2:32,"Aruba, a Hewlett Packard Enterprise Company",40,40,-79,-79,WPA2-Enterprise,CCMP,802.11ac,157,"6,9,12,18,24,36,48,54",,Infrastructure,Unknown,0.0,0.0,0,0,0,0,0,0,0,2024-02-16,20:01:41.651
207,eduroam,04:BD:88:27:4F:32,"Aruba, a Hewlett Packard Enterprise Company",40,40,-79,-79,WPA2-Enterprise,CCMP,802.11ac,40,"6,9,12,18,24,36,48,54",,Infrastructure,Unknown,0.0,0.0,0,0,0,0,0,0,0,2024-02-16,20:00:54.426
208,eduroam,84:D4:7E:F2:FC:62,"Aruba, a Hewlett Packard Enterprise Company",72,72,-68,-68,WPA2-Enterprise,CCMP,802.11n,11,"2,5.5,11,18,24,36,48,54","6,9,12",Infrastructure,Unknown,0.0,0.0,0,0,0,0,0,0,0,2024-02-16,20:00:54.426
209,eduroam,84:D4:7E:F2:FC:62,"Aruba, a Hewlett Packard Enterprise Company",72,72,-68,-68,WPA2-Enterprise,CCMP,802.11n,11,"2,5.5,11,18,24,36,48,54","6,9,12",Infrastructure,Unknown,0.0,0.0,0,0,0,0,0,0,0,2024-02-16,20:01:41.651
212,airuc-guest,84:D4:7E:EF:4E:B0,"Aruba, a Hewlett Packard Enterprise Company",40,40,-79,-79,Open,,802.11ac,100,"6,9,12,18,24,36,48,54",,Infrastructure,Unknown,0.0,0.0,0,0,0,0,0,0,0,2024-02-16,20:00:54.426
213,airuc-guest,84:D4:7E:EF:4E:B0,"Aruba, a Hewlett Packard Enterprise Company",40,40,-79,-79,Open,,802.11ac,100,"6,9,12,18,24,36,48,54",,Infrastructure,Unknown,0.0,0.0,0,0,0,0,0,0,0,2024-02-16,20:01:41.651
214,airuc-guest,84:D4:7E:EF:40:F0,"Aruba, a Hewlett Packard Enterprise Company",40,40,-79,-79,Open,,802.11ac,60,"6,9,12,18,24,36,48,54",,Infrastructure,Unknown,0.0,0.0,0,0,0,0,0,0,0,2024-02-16,20:00:54.426
215,airuc-guest,84:D4:7E:EF:40:F0,"Aruba, a Hewlett Packard Enterprise Company",40,40,-79,-79,Open,,802.11ac,60,"6,9,12,18,24,36,48,54",,Infrastructure,Unknown,0.0,0.0,0,0,0,0,0,0,0,2024-02-16,20:01:41.651
216,airuc-guest,84:D4:7E:E6:24:F0,"Aruba, a Hewlett Packard Enterprise Company",50,50,-76,-76,Open,,802.11ac,144,"6,9,12,18,24,36,48,54",,Infrastructure,Unknown,0.0,0.0,0,0,0,0,0,0,0,2024-02-16,20:00:54.426
217,airuc-guest,84:D4:7E:E6:24:F0,"Aruba, a Hewlett Packard Enterprise Company",50,50,-76,-76,Open,,802.11ac,144,"6,9,12,18,24,36,48,54",,Infrastructure,Unknown,0.0,0.0,0,0,0,0,0,0,0,2024-02-16,20:01:41.651
218,airuc-guest,84:D4:7E:E6:24:10,"Aruba, a Hewlett Packard Enterprise Company",80,80,-65,-65,Open,,802.11ac,52,"6,9,12,18,24,36,48,54",,Infrastructure,Unknown,0.0,0.0,0,0,0,0,0,0,0,2024-02-16,20:00:54.426
219,airuc-guest,84:D4:7E:E6:24:10,"Aruba, a Hewlett Packard Enterprise Company",70,80,-69,-65,Open,,802.11ac,52,"6,9,12,18,24,36,48,54",,Infrastructure,Unknown,0.0,0.0,0,0,0,0,0,0,0,2024-02-16,20:01:41.651
220,airuc-guest,84:D4:7E:E6:83:E0,"Aruba, a Hewlett Packard Enterprise Company",60,60,-73,-73,Open,,802.11n,1,"2,5.5,11,18,24,36,48,54","6,9,12",Infrastructure,Unknown,0.0,0.0,0,0,0,0,0,0,0,2024-02-16,20:00:54.426
221,airuc-guest,84:D4:7E:E6:83:E0,"Aruba, a Hewlett Packard Enterprise Company",60,60,-73,-73,Open,,802.11n,1,"2,5.5,11,18,24,36,48,54","6,9,12",Infrastructure,Unknown,0.0,0.0,0,0,0,0,0,0,0,2024-02-16,20:01:41.651
222,airuc-guest,84:D4:7E:F2:FD:D0,"Aruba, a Hewlett Packard Enterprise Company",84,84,-57,-57,Open,,802.11ac,108,"6,9,12,18,24,36,48,54",,Infrastructure,Unknown,0.0,0.0,0,0,0,0,0,0,0,2024-02-16,20:00:54.426
223,airuc-guest,84:D4:7E:F2:FD:D0,"Aruba, a Hewlett Packard Enterprise Company",82,84,-60,-57,Open,,802.11ac,108,"6,9,12,18,24,36,48,54",,Infrastructure,Unknown,0.0,0.0,0,0,0,0,0,0,0,2024-02-16,20:01:41.651
224,airuc-guest,84:D4:7E:E6:71:F0,"Aruba, a Hewlett Packard Enterprise Company",50,50,-76,-76,Open,,802.11ac,136,"6,9,12,18,24,36,48,54",,Infrastructure,Unknown,0.0,0.0,0,0,0,0,0,0,0,2024-02-16,20:00:54.426
225,airuc-guest,84:D4:7E:E6:74:00,"Aruba, a Hewlett Packard Enterprise Company",75,75,-67,-67,Open,,802.11n,1,"2,5.5,11,18,24,36,48,54","6,9,12",Infrastructure,Unknown,0.0,0.0,0,0,0,0,0,0,0,2024-02-16,20:00:54.426
226,airuc-guest,84:D4:7E:F2:FE:50,"Aruba, a Hewlett Packard Enterprise Company",40,46,-79,-77,Open,,802.11ac,40,"6,9,12,18,24,36,48,54",,Infrastructure,Unknown,0.0,0.0,0,0,0,0,0,0,0,2024-02-16,20:00:54.426
227,airuc-guest,84:D4:7E:F2:FE:50,"Aruba, a Hewlett Packard Enterprise Company",46,46,-77,-77,Open,,802.11ac,40,"6,9,12,18,24,36,48,54",,Infrastructure,Unknown,0.0,0.0,0,0,0,0,0,0,0,2024-02-16,20:01:41.651
228,airuc-guest,84:D4:7E:E6:77:50,"Aruba, a Hewlett Packard Enterprise Company",40,40,-79,-79,Open,,802.11ac,144,"6,9,12,18,24,36,48,54",,Infrastructure,Unknown,0.0,0.0,0,0,0,0,0,0,0,2024-02-16,20:00:54.426
229,airuc-guest,84:D4:7E:E6:77:50,"Aruba, a Hewlett Packard Enterprise Company",40,40,-79,-79,Open,,802.11ac,144,"6,9,12,18,24,36,48,54",,Infrastructure,Unknown,0.0,0.0,0,0,0,0,0,0,0,2024-02-16,20:01:41.651
230,airuc-guest,84:D4:7E:E6:76:C0,"Aruba, a Hewlett Packard Enterprise Company",80,80,-64,-64,Open,,802.11n,1,"2,5.5,11,18,24,36,48,54","6,9,12",Infrastructure,Unknown,0.0,0.0,0,0,0,0,0,0,0,2024-02-16,20:00:54.426
231,airuc-guest,84:D4:7E:E6:76:C0,"Aruba, a Hewlett Packard Enterprise Company",80,80,-64,-64,Open,,802.11n,1,"2,5.5,11,18,24,36,48,54","6,9,12",Infrastructure,Unknown,0.0,0.0,0,0,0,0,0,0,0,2024-02-16,20:01:41.651
232,airuc-guest,84:D4:7E:F2:F1:C0,"Aruba, a Hewlett Packard Enterprise Company",82,82,-60,-60,Open,,802.11n,1,"2,5.5,11,18,24,36,48,54","6,9,12",Infrastructure,Unknown,0.0,0.0,0,0,0,0,0,0,0,2024-02-16,20:00:54.426
233,airuc-guest,84:D4:7E:F2:F1:C0,"Aruba, a Hewlett Packard Enterprise Company",82,82,-60,-60,Open,,802.11n,1,"2,5.5,11,18,24,36,48,54","6,9,12",Infrastructure,Unknown,0.0,0.0,0,0,0,0,0,0,0,2024-02-16,20:01:41.651
234,airuc-guest,84:D4:7E:E6:76:D0,"Aruba, a Hewlett Packard Enterprise Company",70,70,-69,-69,Open,,802.11ac,132,"6,9,12,18,24,36,48,54",,Infrastructure,Unknown,0.0,0.0,0,0,0,0,0,0,0,2024-02-16,20:00:54.426
235,airuc-guest,84:D4:7E:E6:76:D0,"Aruba, a Hewlett Packard Enterprise Company",70,70,-69,-69,Open,,802.11ac,132,"6,9,12,18,24,36,48,54",,Infrastructure,Unknown,0.0,0.0,0,0,0,0,0,0,0,2024-02-16,20:01:41.651
236,airuc-guest,84:D4:7E:E6:F0:B0,"Aruba, a Hewlett Packard Enterprise Company",40,57,-79,-74,Open,,802.11ac,161,"6,9,12,18,24,36,48,54",,Infrastructure,Unknown,0.0,0.0,0,0,0,0,0,0,0,2024-02-16,20:00:54.426
237,airuc-guest,84:D4:7E:E6:F0:B0,"Aruba, a Hewlett Packard Enterprise Company",57,57,-74,-74,Open,,802.11ac,161,"6,9,12,18,24,36,48,54",,Infrastructure,Unknown,0.0,0.0,0,0,0,0,0,0,0,2024-02-16,20:01:41.651
238,airuc-guest,84:D4:7E:EE:94:10,"Aruba, a Hewlett Packard Enterprise Company",57,57,-74,-74,Open,,802.11ac,136,"6,9,12,18,24,36,48,54",,Infrastructure,Unknown,0.0,0.0,0,0,0,0,0,0,0,2024-02-16,20:00:54.426
239,airuc-guest,84:D4:7E:EE:94:10,"Aruba, a Hewlett Packard Enterprise Company",57,57,-74,-74,Open,,802.11ac,136,"6,9,12,18,24,36,48,54",,Infrastructure,Unknown,0.0,0.0,0,0,0,0,0,0,0,2024-02-16,20:01:41.651
240,airuc-guest,84:D4:7E:F2:FD:E0,"Aruba, a Hewlett Packard Enterprise Company",60,60,-73,-73,Open,,802.11n,1,"2,5.5,11,18,24,36,48,54","6,9,12",Infrastructure,Unknown,0.0,0.0,0,0,0,0,0,0,0,2024-02-16,20:00:54.426
241,airuc-guest,84:D4:7E:F2:FC:70,"Aruba, a Hewlett Packard Enterprise Company",57,57,-74,-74,Open,,802.11ac,44,"6,9,12,18,24,36,48,54",,Infrastructure,Unknown,0.0,0.0,0,0,0,0,0,0,0,2024-02-16,20:00:54.426
242,airuc-guest,84:D4:7E:F2:FC:70,"Aruba, a Hewlett Packard Enterprise Company",50,57,-76,-74,Open,,802.11ac,44,"6,9,12,18,24,36,48,54",,Infrastructure,Unknown,0.0,0.0,0,0,0,0,0,0,0,2024-02-16,20:01:41.651
243,airuc-guest,84:D4:7E:F2:FD:50,"Aruba, a Hewlett Packard Enterprise Company",40,40,-79,-79,Open,,802.11ac,100,"6,9,12,18,24,36,48,54",,Infrastructure,Unknown,0.0,0.0,0,0,0,0,0,0,0,2024-02-16,20:00:54.426
244,airuc-guest,84:D4:7E:F2:FD:50,"Aruba, a Hewlett Packard Enterprise Company",40,40,-79,-79,Open,,802.11ac,100,"6,9,12,18,24,36,48,54",,Infrastructure,Unknown,0.0,0.0,0,0,0,0,0,0,0,2024-02-16,20:01:41.651
245,airuc-guest,84:D4:7E:E6:72:70,"Aruba, a Hewlett Packard Enterprise Company",46,46,-77,-77,Open,,802.11ac,104,"6,9,12,18,24,36,48,54",,Infrastructure,Unknown,0.0,0.0,0,0,0,0,0,0,0,2024-02-16,20:00:54.426
246,airuc-guest,84:D4:7E:E6:72:70,"Aruba, a Hewlett Packard Enterprise Company",46,46,-77,-77,Open,,802.11ac,104,"6,9,12,18,24,36,48,54",,Infrastructure,Unknown,0.0,0.0,0,0,0,0,0,0,0,2024-02-16,20:01:41.651
247,airuc-guest,84:D4:7E:E6:83:F0,"Aruba, a Hewlett Packard Enterprise Company",57,57,-74,-74,Open,,802.11ac,157,"6,9,12,18,24,36,48,54",,Infrastructure,Unknown,0.0,0.0,0,0,0,0,0,0,0,2024-02-16,20:00:54.426
248,airuc-guest,84:D4:7E:E6:83:F0,"Aruba, a Hewlett Packard Enterprise Company",53,57,-75,-74,Open,,802.11ac,157,"6,9,12,18,24,36,48,54",,Infrastructure,Unknown,0.0,0.0,0,0,0,0,0,0,0,2024-02-16,20:01:41.651
249,airuc-guest,84:D4:7E:E6:82:30,"Aruba, a Hewlett Packard Enterprise Company",53,53,-75,-75,Open,,802.11ac,112,"6,9,12,18,24,36,48,54",,Infrastructure,Unknown,0.0,0.0,0,0,0,0,0,0,0,2024-02-16,20:00:54.426
250,airuc-guest,84:D4:7E:F2:FC:60,"Aruba, a Hewlett Packard Enterprise Company",72,72,-68,-68,Open,,802.11n,11,"2,5.5,11,18,24,36,48,54","6,9,12",Infrastructure,Unknown,0.0,0.0,0,0,0,0,0,0,0,2024-02-16,20:00:54.426
251,airuc-guest,84:D4:7E:F2:FC:60,"Aruba, a Hewlett Packard Enterprise Company",70,72,-69,-68,Open,,802.11n,11,"2,5.5,11,18,24,36,48,54","6,9,12",Infrastructure,Unknown,0.0,0.0,0,0,0,0,0,0,0,2024-02-16,20:01:41.651
252,airuc-guest,84:D4:7E:F2:FD:C0,"Aruba, a Hewlett Packard Enterprise Company",87,87,-52,-52,Open,,802.11n,6,"2,5.5,11,18,24,36,48,54","6,9,12",Infrastructure,Unknown,0.0,0.0,0,0,0,0,0,0,0,2024-02-16,20:00:54.426
253,airuc-guest,84:D4:7E:F2:FD:C0,"Aruba, a Hewlett Packard Enterprise Company",87,87,-52,-52,Open,,802.11n,6,"2,5.5,11,18,24,36,48,54","6,9,12",Infrastructure,Unknown,0.0,0.0,0,0,0,0,0,0,0,2024-02-16,20:01:41.651
254,airuc-guest,84:D4:7E:E6:78:30,"Aruba, a Hewlett Packard Enterprise Company",50,50,-76,-76,Open,,802.11ac,140,"6,9,12,18,24,36,48,54",,Infrastructure,Unknown,0.0,0.0,0,0,0,0,0,0,0,2024-02-16,20:00:54.426
255,airuc-guest,84:D4:7E:E6:78:30,"Aruba, a Hewlett Packard Enterprise Company",50,50,-76,-76,Open,,802.11ac,140,"6,9,12,18,24,36,48,54",,Infrastructure,Unknown,0.0,0.0,0,0,0,0,0,0,0,2024-02-16,20:01:41.651
256,airuc-guest,84:D4:7E:EE:A2:30,"Aruba, a Hewlett Packard Enterprise Company",40,40,-79,-79,Open,,802.11ac,157,"6,9,12,18,24,36,48,54",,Infrastructure,Unknown,0.0,0.0,0,0,0,0,0,0,0,2024-02-16,20:00:54.426
257,airuc-guest,84:D4:7E:EE:A2:30,"Aruba, a Hewlett Packard Enterprise Company",40,40,-79,-79,Open,,802.11ac,157,"6,9,12,18,24,36,48,54",,Infrastructure,Unknown,0.0,0.0,0,0,0,0,0,0,0,2024-02-16,20:01:41.651
258,airuc-guest,84:D4:7E:F2:FE:40,"Aruba, a Hewlett Packard Enterprise Company",65,65,-71,-71,Open,,802.11n,1,"2,5.5,11,18,24,36,48,54","6,9,12",Infrastructure,Unknown,0.0,0.0,0,0,0,0,0,0,0,2024-02-16,20:00:54.426
259,airuc-guest,84:D4:7E:F2:FE:40,"Aruba, a Hewlett Packard Enterprise Company",65,65,-71,-71,Open,,802.11n,1,"2,5.5,11,18,24,36,48,54","6,9,12",Infrastructure,Unknown,0.0,0.0,0,0,0,0,0,0,0,2024-02-16,20:01:41.651
260,airuc-guest,84:D4:7E:EF:35:50,"Aruba, a Hewlett Packard Enterprise Company",83,83,-59,-59,Open,,802.11ac,144,"6,9,12,18,24,36,48,54",,Infrastructure,Unknown,0.0,0.0,0,0,0,0,0,0,0,2024-02-16,20:00:54.426
261,airuc-guest,84:D4:7E:EF:35:50,"Aruba, a Hewlett Packard Enterprise Company",83,83,-59,-59,Open,,802.11ac,144,"6,9,12,18,24,36,48,54",,Infrastructure,Unknown,0.0,0.0,0,0,0,0,0,0,0,2024-02-16,20:01:41.651
262,airuc-guest,84:D4:7E:E6:24:C0,"Aruba, a Hewlett Packard Enterprise Company",85,85,-55,-55,Open,,802.11n,6,"2,5.5,11,18,24,36,48,54","6,9,12",Infrastructure,Unknown,0.0,0.0,0,0,0,0,0,0,0,2024-02-16,20:00:54.426
263,airuc-guest,84:D4:7E:E6:24:C0,"Aruba, a Hewlett Packard Enterprise Company",83,85,-58,-55,Open,,802.11n,6,"2,5.5,11,18,24,36,48,54","6,9,12",Infrastructure,Unknown,0.0,0.0,0,0,0,0,0,0,0,2024-02-16,20:01:41.651
264,airuc-guest,6C:F3:7F:EF:71:40,"Aruba, a Hewlett Packard Enterprise Company",38,38,-80,-80,Open,,802.11n,6,"2,5.5,11,18,24,36,48,54","6,9,12",Infrastructure,Unknown,0.0,0.0,0,0,0,0,0,0,0,2024-02-16,20:00:54.426
265,airuc-guest,04:BD:88:27:51:90,"Aruba, a Hewlett Packard Enterprise Company",43,50,-78,-76,Open,,802.11ac,64,"6,9,12,18,24,36,48,54",,Infrastructure,Unknown,0.0,0.0,0,0,0,0,0,0,0,2024-02-16,20:00:54.426
266,airuc-guest,04:BD:88:27:51:90,"Aruba, a Hewlett Packard Enterprise Company",50,50,-76,-76,Open,,802.11ac,64,"6,9,12,18,24,36,48,54",,Infrastructure,Unknown,0.0,0.0,0,0,0,0,0,0,0,2024-02-16,20:01:41.651
267,airuc-guest,84:D4:7E:E6:73:F0,"Aruba, a Hewlett Packard Enterprise Company",67,67,-70,-70,Open,,802.11ac,136,"6,9,12,18,24,36,48,54",,Infrastructure,Unknown,0.0,0.0,0,0,0,0,0,0,0,2024-02-16,20:00:54.426
268,airuc-guest,84:D4:7E:E6:73:F0,"Aruba, a Hewlett Packard Enterprise Company",53,67,-75,-70,Open,,802.11ac,136,"6,9,12,18,24,36,48,54",,Infrastructure,Unknown,0.0,0.0,0,0,0,0,0,0,0,2024-02-16,20:01:41.651
269,airuc-guest,84:D4:7E:F2:F1:D0,"Aruba, a Hewlett Packard Enterprise Company",87,87,-52,-52,Open,,802.11ac,52,"6,9,12,18,24,36,48,54",,Infrastructure,Unknown,0.0,0.0,0,0,0,0,0,0,0,2024-02-16,20:00:54.426
270,airuc-guest,84:D4:7E:F2:F1:D0,"Aruba, a Hewlett Packard Enterprise Company",82,87,-61,-52,Open,,802.11ac,52,"6,9,12,18,24,36,48,54",,Infrastructure,Unknown,0.0,0.0,0,0,0,0,0,0,0,2024-02-16,20:01:41.651
271,airuc-guest,84:D4:7E:F2:FD:F0,"Aruba, a Hewlett Packard Enterprise Company",40,40,-79,-79,Open,,802.11ac,104,"6,9,12,18,24,36,48,54",,Infrastructure,Unknown,0.0,0.0,0,0,0,0,0,0,0,2024-02-16,20:00:54.426
272,airuc-guest,84:D4:7E:EF:3F:D0,"Aruba, a Hewlett Packard Enterprise Company",43,43,-78,-78,Open,,802.11ac,100,"6,9,12,18,24,36,48,54",,Infrastructure,Unknown,0.0,0.0,0,0,0,0,0,0,0,2024-02-16,20:00:54.426
273,airuc-guest,84:D4:7E:EF:3F:D0,"Aruba, a Hewlett Packard Enterprise Company",43,43,-78,-78,Open,,802.11ac,100,"6,9,12,18,24,36,48,54",,Infrastructure,Unknown,0.0,0.0,0,0,0,0,0,0,0,2024-02-16,20:01:41.651
274,airuc-guest,84:D4:7E:EF:47:70,"Aruba, a Hewlett Packard Enterprise Company",40,40,-79,-79,Open,,802.11ac,56,"6,9,12,18,24,36,48,54",,Infrastructure,Unknown,0.0,0.0,0,0,0,0,0,0,0,2024-02-16,20:00:54.426
275,airuc-guest,84:D4:7E:E6:F2:30,"Aruba, a Hewlett Packard Enterprise Company",53,53,-75,-75,Open,,802.11ac,100,"6,9,12,18,24,36,48,54",,Infrastructure,Unknown,0.0,0.0,0,0,0,0,0,0,0,2024-02-16,20:00:54.426
276,airuc-guest,84:D4:7E:E6:F2:30,"Aruba, a Hewlett Packard Enterprise Company",53,53,-75,-75,Open,,802.11ac,100,"6,9,12,18,24,36,48,54",,Infrastructure,Unknown,0.0,0.0,0,0,0,0,0,0,0,2024-02-16,20:01:41.651
277,airuc-guest,84:D4:7E:E6:26:B0,"Aruba, a Hewlett Packard Enterprise Company",62,62,-72,-72,Open,,802.11ac,40,"6,9,12,18,24,36,48,54",,Infrastructure,Unknown,0.0,0.0,0,0,0,0,0,0,0,2024-02-16,20:00:54.426
278,airuc-guest,84:D4:7E:E6:26:B0,"Aruba, a Hewlett Packard Enterprise Company",40,62,-79,-72,Open,,802.11ac,40,"6,9,12,18,24,36,48,54",,Infrastructure,Unknown,0.0,0.0,0,0,0,0,0,0,0,2024-02-16,20:01:41.651
279,airuc-guest,6C:F3:7F:EF:C5:10,"Aruba, a Hewlett Packard Enterprise Company",40,40,-79,-79,Open,,802.11ac,56,"6,9,12,18,24,36,48,54",,Infrastructure,Unknown,0.0,0.0,0,0,0,0,0,0,0,2024-02-16,20:00:54.426
280,airuc-guest,6C:F3:7F:EF:C5:10,"Aruba, a Hewlett Packard Enterprise Company",40,40,-79,-79,Open,,802.11ac,56,"6,9,12,18,24,36,48,54",,Infrastructure,Unknown,0.0,0.0,0,0,0,0,0,0,0,2024-02-16,20:01:41.651
281,airuc-guest,04:BD:88:27:5E:F0,"Aruba, a Hewlett Packard Enterprise Company",40,40,-79,-79,Open,,802.11ac,100,"6,9,12,18,24,36,48,54",,Infrastructure,Unknown,0.0,0.0,0,0,0,0,0,0,0,2024-02-16,20:00:54.426
282,airuc-guest,04:BD:88:27:5E:F0,"Aruba, a Hewlett Packard Enterprise Company",40,40,-79,-79,Open,,802.11ac,100,"6,9,12,18,24,36,48,54",,Infrastructure,Unknown,0.0,0.0,0,0,0,0,0,0,0,2024-02-16,20:01:41.651
283,airuc-guest,84:D4:7E:F3:0A:F0,"Aruba, a Hewlett Packard Enterprise Company",40,40,-79,-79,Open,,802.11ac,64,"6,9,12,18,24,36,48,54",,Infrastructure,Unknown,0.0,0.0,0,0,0,0,0,0,0,2024-02-16,20:00:54.426
284,airuc-guest,84:D4:7E:F3:08:10,"Aruba, a Hewlett Packard Enterprise Company",40,40,-79,-79,Open,,802.11ac,140,"6,9,12,18,24,36,48,54",,Infrastructure,Unknown,0.0,0.0,0,0,0,0,0,0,0,2024-02-16,20:00:54.426
285,airuc-guest,84:D4:7E:F3:08:10,"Aruba, a Hewlett Packard Enterprise Company",40,40,-79,-79,Open,,802.11ac,140,"6,9,12,18,24,36,48,54",,Infrastructure,Unknown,0.0,0.0,0,0,0,0,0,0,0,2024-02-16,20:01:41.651
286,airuc-guest,84:D4:7E:E6:74:10,"Aruba, a Hewlett Packard Enterprise Company",70,70,-69,-69,Open,,802.11ac,44,"6,9,12,18,24,36,48,54",,Infrastructure,Unknown,0.0,0.0,0,0,0,0,0,0,0,2024-02-16,20:00:54.426
287,airuc-guest,84:D4:7E:E6:74:10,"Aruba, a Hewlett Packard Enterprise Company",65,70,-71,-69,Open,,802.11ac,44,"6,9,12,18,24,36,48,54",,Infrastructure,Unknown,0.0,0.0,0,0,0,0,0,0,0,2024-02-16,20:01:41.651
288,airuc-guest,84:D4:7E:E6:24:B0,"Aruba, a Hewlett Packard Enterprise Company",67,67,-70,-70,Open,,802.11ac,48,"6,9,12,18,24,36,48,54",,Infrastructure,Unknown,0.0,0.0,0,0,0,0,0,0,0,2024-02-16,20:00:54.426
289,airuc-guest,84:D4:7E:E6:24:B0,"Aruba, a Hewlett Packard Enterprise Company",46,67,-77,-70,Open,,802.11ac,48,"6,9,12,18,24,36,48,54",,Infrastructure,Unknown,0.0,0.0,0,0,0,0,0,0,0,2024-02-16,20:01:41.651
290,airuc-guest,04:BD:88:27:4A:50,"Aruba, a Hewlett Packard Enterprise Company",57,62,-74,-72,Open,,802.11ac,153,"6,9,12,18,24,36,48,54",,Infrastructure,Unknown,0.0,0.0,0,0,0,0,0,0,0,2024-02-16,20:00:54.426
291,airuc-guest,04:BD:88:27:4A:50,"Aruba, a Hewlett Packard Enterprise Company",62,62,-72,-72,Open,,802.11ac,153,"6,9,12,18,24,36,48,54",,Infrastructure,Unknown,0.0,0.0,0,0,0,0,0,0,0,2024-02-16,20:01:41.651
292,airuc-guest,84:D4:7E:E6:24:E0,"Aruba, a Hewlett Packard Enterprise Company",62,62,-72,-72,Open,,802.11n,1,"2,5.5,11,18,24,36,48,54","6,9,12",Infrastructure,Unknown,0.0,0.0,0,0,0,0,0,0,0,2024-02-16,20:00:54.426
293,airuc-guest,84:D4:7E:EF:35:70,"Aruba, a Hewlett Packard Enterprise Company",80,81,-65,-63,Open,,802.11ac,36,"6,9,12,18,24,36,48,54",,Infrastructure,Unknown,0.0,0.0,0,0,0,0,0,0,0,2024-02-16,20:00:54.426
294,airuc-guest,84:D4:7E:EF:35:70,"Aruba, a Hewlett Packard Enterprise Company",81,81,-63,-63,Open,,802.11ac,36,"6,9,12,18,24,36,48,54",,Infrastructure,Unknown,0.0,0.0,0,0,0,0,0,0,0,2024-02-16,20:01:41.651
295,airuc-guest,04:BD:88:27:4F:30,"Aruba, a Hewlett Packard Enterprise Company",40,40,-79,-79,Open,,802.11ac,40,"6,9,12,18,24,36,48,54",,Infrastructure,Unknown,0.0,0.0,0,0,0,0,0,0,0,2024-02-16,20:00:54.426
296,airuc-guest,84:D4:7E:EF:35:40,"Aruba, a Hewlett Packard Enterprise Company",80,80,-64,-64,Open,,802.11n,1,"2,5.5,11,18,24,36,48,54","6,9,12",Infrastructure,Unknown,0.0,0.0,0,0,0,0,0,0,0,2024-02-16,20:00:54.426
297,airuc-guest,84:D4:7E:EF:35:40,"Aruba, a Hewlett Packard Enterprise Company",75,80,-67,-64,Open,,802.11n,1,"2,5.5,11,18,24,36,48,54","6,9,12",Infrastructure,Unknown,0.0,0.0,0,0,0,0,0,0,0,2024-02-16,20:01:41.651
298,airuc-guest,84:D4:7E:F3:29:F0,"Aruba, a Hewlett Packard Enterprise Company",65,65,-71,-71,Open,,802.11ac,60,"6,9,12,18,24,36,48,54",,Infrastructure,Unknown,0.0,0.0,0,0,0,0,0,0,0,2024-02-16,20:00:54.426
299,airuc-guest,84:D4:7E:F3:29:F0,"Aruba, a Hewlett Packard Enterprise Company",65,65,-71,-71,Open,,802.11ac,60,"6,9,12,18,24,36,48,54",,Infrastructure,Unknown,0.0,0.0,0,0,0,0,0,0,0,2024-02-16,20:01:41.651
300,airuc-guest,04:BD:88:27:51:80,"Aruba, a Hewlett Packard Enterprise Company",57,72,-74,-68,Open,,802.11n,1,"2,5.5,11,18,24,36,48,54","6,9,12",Infrastructure,Unknown,0.0,0.0,0,0,0,0,0,0,0,2024-02-16,20:00:54.426
301,airuc-guest,04:BD:88:27:51:80,"Aruba, a Hewlett Packard Enterprise Company",72,72,-68,-68,Open,,802.11n,1,"2,5.5,11,18,24,36,48,54","6,9,12",Infrastructure,Unknown,0.0,0.0,0,0,0,0,0,0,0,2024-02-16,20:01:41.651
302,airuc-guest,84:D4:7E:E6:24:D0,"Aruba, a Hewlett Packard Enterprise Company",91,91,-45,-45,Open,,802.11ac,48,"6,9,12,18,24,36,48,54",,Infrastructure,Unknown,0.0,0.0,0,0,0,0,0,0,0,2024-02-16,20:00:54.426
303,airuc-guest,84:D4:7E:E6:24:D0,"Aruba, a Hewlett Packard Enterprise Company",91,91,-45,-45,Open,,802.11ac,48,"6,9,12,18,24,36,48,54",,Infrastructure,Unknown,0.0,0.0,0,0,0,0,0,0,0,2024-02-16,20:01:41.651
304,airuc-guest,84:D4:7E:EE:61:F0,"Aruba, a Hewlett Packard Enterprise Company",40,40,-79,-79,Open,,802.11ac,161,"6,9,12,18,24,36,48,54",,Infrastructure,Unknown,0.0,0.0,0,0,0,0,0,0,0,2024-02-16,20:00:54.426
305,airuc-guest,84:D4:7E:EE:61:F0,"Aruba, a Hewlett Packard Enterprise Company",40,40,-79,-79,Open,,802.11ac,161,"6,9,12,18,24,36,48,54",,Infrastructure,Unknown,0.0,0.0,0,0,0,0,0,0,0,2024-02-16,20:01:41.651
306,airuc-guest,04:BD:88:27:4A:40,"Aruba, a Hewlett Packard Enterprise Company",70,72,-69,-68,Open,,802.11n,11,"2,5.5,11,18,24,36,48,54","6,9,12",Infrastructure,Unknown,0.0,0.0,0,0,0,0,0,0,0,2024-02-16,20:00:54.426
307,airuc-guest,04:BD:88:27:4A:40,"Aruba, a Hewlett Packard Enterprise Company",72,72,-68,-68,Open,,802.11n,11,"2,5.5,11,18,24,36,48,54","6,9,12",Infrastructure,Unknown,0.0,0.0,0,0,0,0,0,0,0,2024-02-16,20:01:41.651
308,airuc-guest,84:D4:7E:F2:FE:B0,"Aruba, a Hewlett Packard Enterprise Company",40,40,-79,-79,Open,,802.11ac,52,"6,9,12,18,24,36,48,54",,Infrastructure,Unknown,0.0,0.0,0,0,0,0,0,0,0,2024-02-16,20:00:54.426
309,airuc-guest,04:BD:88:27:4F:50,"Aruba, a Hewlett Packard Enterprise Company",40,40,-79,-79,Open,,802.11ac,104,"6,9,12,18,24,36,48,54",,Infrastructure,Unknown,0.0,0.0,0,0,0,0,0,0,0,2024-02-16,20:00:54.426
310,airuc-guest,04:BD:88:27:4F:50,"Aruba, a Hewlett Packard Enterprise Company",40,40,-79,-79,Open,,802.11ac,104,"6,9,12,18,24,36,48,54",,Infrastructure,Unknown,0.0,0.0,0,0,0,0,0,0,0,2024-02-16,20:01:41.651
318,eduroam,84:D4:7E:EF:60:D2,"Aruba, a Hewlett Packard Enterprise Company",40,40,-79,-79,WPA2-Enterprise,CCMP,802.11ac,48,"6,9,12,18,24,36,48,54",,Infrastructure,Unknown,0.0,0.0,0,0,0,0,0,0,0,2024-02-16,20:01:41.651
319,eduroam,84:D4:7E:F3:02:92,"Aruba, a Hewlett Packard Enterprise Company",40,40,-79,-79,WPA2-Enterprise,CCMP,802.11ac,44,"6,9,12,18,24,36,48,54",,Infrastructure,Unknown,0.0,0.0,0,0,0,0,0,0,0,2024-02-16,20:01:41.651
320,eduroam,84:D4:7E:E6:83:E2,"Aruba, a Hewlett Packard Enterprise Company",70,70,-69,-69,WPA2-Enterprise,CCMP,802.11n,1,"2,5.5,11,18,24,36,48,54","6,9,12",Infrastructure,Unknown,0.0,0.0,0,0,0,0,0,0,0,2024-02-16,20:01:41.651
321,eduroam,84:D4:7E:E6:81:52,"Aruba, a Hewlett Packard Enterprise Company",40,40,-79,-79,WPA2-Enterprise,CCMP,802.11ac,136,"6,9,12,18,24,36,48,54",,Infrastructure,Unknown,0.0,0.0,0,0,0,0,0,0,0,2024-02-16,20:01:41.651
322,eduroam,04:BD:88:27:51:82,"Aruba, a Hewlett Packard Enterprise Company",70,70,-69,-69,WPA2-Enterprise,CCMP,802.11n,1,"2,5.5,11,18,24,36,48,54","6,9,12",Infrastructure,Unknown,0.0,0.0,0,0,0,0,0,0,0,2024-02-16,20:01:41.651
323,airuc-guest,84:D4:7E:E6:81:50,"Aruba, a Hewlett Packard Enterprise Company",40,40,-79,-79,Open,,802.11ac,136,"6,9,12,18,24,36,48,54",,Infrastructure,Unknown,0.0,0.0,0,0,0,0,0,0,0,2024-02-16,20:01:41.651
324,airuc-guest,84:D4:7E:EF:60:D0,"Aruba, a Hewlett Packard Enterprise Company",40,40,-79,-79,Open,,802.11ac,48,"6,9,12,18,24,36,48,54",,Infrastructure,Unknown,0.0,0.0,0,0,0,0,0,0,0,2024-02-16,20:01:41.651
325,airuc-guest,84:D4:7E:F3:0A:B0,"Aruba, a Hewlett Packard Enterprise Company",40,40,-79,-79,Open,,802.11ac,48,"6,9,12,18,24,36,48,54",,Infrastructure,Unknown,0.0,0.0,0,0,0,0,0,0,0,2024-02-16,20:01:41.651
326,airuc-guest,84:D4:7E:F3:00:80,"Aruba, a Hewlett Packard Enterprise Company",67,67,-70,-70,Open,,802.11n,1,"2,5.5,11,18,24,36,48,54","6,9,12",Infrastructure,Unknown,0.0,0.0,0,0,0,0,0,0,0,2024-02-16,20:01:41.651
